Instance Name,API Name,Instance Memory,vCPUs,Memory per vCPU,GPUs,Network Performance,Generation,Local SSD,Shared CPU,Linux On Demand cost,Linux Spot cost,Windows On Demand cost,Windows Spot cost
A2 Highgpu 1g,a2-highgpu-1g,85 GiB,12,7.08 GiB/vCPU,1,Variable,current,No,No,$0.8328 hourly,$0.3698 hourly,$1.3848 hourly,$0.9218 hourly
A2 Highgpu 2g,a2-highgpu-2g,170 GiB,24,7.08 GiB/vCPU,2,Variable,current,No,No,$1.6656 hourly,$0.7395 hourly,$2.7696 hourly,$1.8435 hourly
A2 Highgpu 4g,a2-highgpu-4g,340 GiB,48,7.08 GiB/vCPU,4,Variable,current,No,No,$3.3312 hourly,$1.479 hourly,$5.5392 hourly,$3.687 hourly
A2 Highgpu 8g,a2-highgpu-8g,680 GiB,96,7.08 GiB/vCPU,8,Variable,current,No,No,$6.6624 hourly,$2.958 hourly,$11.0784 hourly,$7.374 hourly
A2 Megagpu 16g,a2-megagpu-16g,1360 GiB,96,14.17 GiB/vCPU,16,Variable,current,No,No,$9.9066 hourly,$4.3982 hourly,$14.3226 hourly,$8.8142 hourly
A2 Ultragpu 1g,a2-ultragpu-1g,170 GiB,12,14.17 GiB/vCPU,1,Variable,current,No,No,$1.2383 hourly,$0.5498 hourly,$1.7903 hourly,$1.1018 hourly
A2 Ultragpu 2g,a2-ultragpu-2g,340 GiB,24,14.17 GiB/vCPU,2,Variable,current,No,No,$2.4767 hourly,$1.0996 hourly,$3.5807 hourly,$2.2036 hourly
A2 Ultragpu 4g,a2-ultragpu-4g,680 GiB,48,14.17 GiB/vCPU,4,Variable,current,No,No,$4.9533 hourly,$2.1991 hourly,$7.1613 hourly,$4.4071 hourly
A2 Ultragpu 8g,a2-ultragpu-8g,1360 GiB,96,14.17 GiB/vCPU,8,Variable,current,No,No,$9.9066 hourly,$4.3982 hourly,$14.3226 hourly,$8.8142 hourly
A3 Edgegpu 8g,a3-edgegpu-8g,1872 GiB,208,9 GiB/vCPU,8,Variable,current,No,No,$9.4601 hourly,$2.4948 hourly,$19.0281 hourly,$12.0628 hourly
A3 Edgegpu 8g nolssd,a3-edgegpu-8g-nolssd,1872 GiB,208,9 GiB/vCPU,8,Variable,current,No,No,$9.4601 hourly,$2.4948 hourly,$19.0281 hourly,$12.0628 hourly
A3 Highgpu 1g,a3-highgpu-1g,234 GiB,26,9 GiB/vCPU,1,Variable,current,No,No,$1.1825 hourly,$0.3118 hourly,$2.3785 hourly,$1.5078 hourly
A3 Highgpu 2g,a3-highgpu-2g,468 GiB,52,9 GiB/vCPU,2,Variable,current,No,No,$2.365 hourly,$0.6237 hourly,$4.757 hourly,$3.0157 hourly
A3 Highgpu 4g,a3-highgpu-4g,936 GiB,104,9 GiB/vCPU,4,Variable,current,No,No,$4.73 hourly,$1.2474 hourly,$9.514 hourly,$6.0314 hourly
A3 Highgpu 8g,a3-highgpu-8g,1872 GiB,208,9 GiB/vCPU,8,Variable,current,No,No,$9.4601 hourly,$2.4948 hourly,$19.0281 hourly,$12.0628 hourly
A3 Megagpu 8g,a3-megagpu-8g,1872 GiB,208,9 GiB/vCPU,8,Variable,current,No,No,$9.4601 hourly,$2.4948 hourly,$19.0281 hourly,$12.0628 hourly
A3 Ultragpu 8g,a3-ultragpu-8g,2952 GiB,224,13.18 GiB/vCPU,8,Variable,current,No,No,$12.266 hourly,$3.2352 hourly,$22.57 hourly,$13.5392 hourly
A3 Ultragpu 8g nolssd,a3-ultragpu-8g-nolssd,2952 GiB,224,13.18 GiB/vCPU,8,Variable,current,No,No,$12.266 hourly,$3.2352 hourly,$22.57 hourly,$13.5392 hourly
C2D High CPU 112,c2d-highcpu-112,224 GiB,112,2 GiB/vCPU,0,Variable,current,No,No,$4.7277 hourly,$0.9589 hourly,$9.8797 hourly,$6.1109 hourly
C2D High CPU 16,c2d-highcpu-16,32 GiB,16,2 GiB/vCPU,0,Variable,current,No,No,$0.6754 hourly,$0.137 hourly,$1.4114 hourly,$0.873 hourly
C2D High CPU 2,c2d-highcpu-2,4 GiB,2,2 GiB/vCPU,0,Variable,current,No,No,$0.0844 hourly,$0.0171 hourly,$0.1764 hourly,$0.1091 hourly
C2D High CPU 32,c2d-highcpu-32,64 GiB,32,2 GiB/vCPU,0,Variable,current,No,No,$1.3508 hourly,$0.274 hourly,$2.8228 hourly,$1.746 hourly
C2D High CPU 4,c2d-highcpu-4,8 GiB,4,2 GiB/vCPU,0,Variable,current,No,No,$0.1688 hourly,$0.0342 hourly,$0.3528 hourly,$0.2182 hourly
C2D High CPU 56,c2d-highcpu-56,112 GiB,56,2 GiB/vCPU,0,Variable,current,No,No,$2.3639 hourly,$0.4795 hourly,$4.9399 hourly,$3.0555 hourly
C2D High CPU 8,c2d-highcpu-8,16 GiB,8,2 GiB/vCPU,0,Variable,current,No,No,$0.3377 hourly,$0.0685 hourly,$0.7057 hourly,$0.4365 hourly
C2D High Memory 112,c2d-highmem-112,896 GiB,112,8 GiB/vCPU,0,Variable,current,No,No,$7.7235 hourly,$1.5678 hourly,$12.8755 hourly,$6.7198 hourly
C2D High Memory 16,c2d-highmem-16,128 GiB,16,8 GiB/vCPU,0,Variable,current,No,No,$1.1034 hourly,$0.224 hourly,$1.8394 hourly,$0.96 hourly
C2D High Memory 2,c2d-highmem-2,16 GiB,2,8 GiB/vCPU,0,Variable,current,No,No,$0.1379 hourly,$0.028 hourly,$0.2299 hourly,$0.12 hourly
C2D High Memory 32,c2d-highmem-32,256 GiB,32,8 GiB/vCPU,0,Variable,current,No,No,$2.2067 hourly,$0.4479 hourly,$3.6787 hourly,$1.9199 hourly
C2D High Memory 4,c2d-highmem-4,32 GiB,4,8 GiB/vCPU,0,Variable,current,No,No,$0.2758 hourly,$0.056 hourly,$0.4598 hourly,$0.24 hourly
C2D High Memory 56,c2d-highmem-56,448 GiB,56,8 GiB/vCPU,0,Variable,current,No,No,$3.8618 hourly,$0.7839 hourly,$6.4378 hourly,$3.3599 hourly
C2D High Memory 8,c2d-highmem-8,64 GiB,8,8 GiB/vCPU,0,Variable,current,No,No,$0.5517 hourly,$0.112 hourly,$0.9197 hourly,$0.48 hourly
C2D Standard 112,c2d-standard-112,448 GiB,112,4 GiB/vCPU,0,Variable,current,No,No,$5.7263 hourly,$1.1619 hourly,$10.8783 hourly,$6.3139 hourly
C2D Standard 16,c2d-standard-16,64 GiB,16,4 GiB/vCPU,0,Variable,current,No,No,$0.818 hourly,$0.166 hourly,$1.554 hourly,$0.902 hourly
C2D Standard 2,c2d-standard-2,8 GiB,2,4 GiB/vCPU,0,Variable,current,No,No,$0.1023 hourly,$0.0207 hourly,$0.1943 hourly,$0.1127 hourly
C2D Standard 32,c2d-standard-32,128 GiB,32,4 GiB/vCPU,0,Variable,current,No,No,$1.6361 hourly,$0.332 hourly,$3.1081 hourly,$1.804 hourly
C2D Standard 4,c2d-standard-4,16 GiB,4,4 GiB/vCPU,0,Variable,current,No,No,$0.2045 hourly,$0.0415 hourly,$0.3885 hourly,$0.2255 hourly
C2D Standard 56,c2d-standard-56,224 GiB,56,4 GiB/vCPU,0,Variable,current,No,No,$2.8632 hourly,$0.5809 hourly,$5.4392 hourly,$3.1569 hourly
C2D Standard 8,c2d-standard-8,32 GiB,8,4 GiB/vCPU,0,Variable,current,No,No,$0.409 hourly,$0.083 hourly,$0.777 hourly,$0.451 hourly
C3 High CPU 176,c3-highcpu-176,352 GiB,176,2 GiB/vCPU,0,Variable,current,No,No,$7.4846 hourly,$1.1447 hourly,$15.5806 hourly,$9.2407 hourly
C3 High CPU 192 metal,c3-highcpu-192-metal,512 GiB,192,2.67 GiB/vCPU,0,Variable,current,No,No,$8.6691 hourly,$1.3367 hourly,$17.5011 hourly,$10.1687 hourly
C3 High CPU 22,c3-highcpu-22,44 GiB,22,2 GiB/vCPU,0,Variable,current,No,No,$0.9356 hourly,$0.1431 hourly,$1.9476 hourly,$1.1551 hourly
C3 High CPU 4,c3-highcpu-4,8 GiB,4,2 GiB/vCPU,0,Variable,current,No,No,$0.1701 hourly,$0.026 hourly,$0.3541 hourly,$0.21 hourly
C3 High CPU 44,c3-highcpu-44,88 GiB,44,2 GiB/vCPU,0,Variable,current,No,No,$1.8711 hourly,$0.2862 hourly,$3.8951 hourly,$2.3102 hourly
C3 High CPU 8,c3-highcpu-8,16 GiB,8,2 GiB/vCPU,0,Variable,current,No,No,$0.3402 hourly,$0.052 hourly,$0.7082 hourly,$0.42 hourly
C3 High CPU 88,c3-highcpu-88,176 GiB,88,2 GiB/vCPU,0,Variable,current,No,No,$3.7423 hourly,$0.5724 hourly,$7.7903 hourly,$4.6204 hourly
C3 High Memory 176,c3-highmem-176,1408 GiB,176,8 GiB/vCPU,0,Variable,current,No,No,$11.6431 hourly,$1.8702 hourly,$19.7391 hourly,$9.9662 hourly
C3 High Memory 192 metal,c3-highmem-192-metal,1536 GiB,192,8 GiB/vCPU,0,Variable,current,No,No,$12.7016 hourly,$2.0402 hourly,$21.5336 hourly,$10.8722 hourly
C3 High Memory 22,c3-highmem-22,176 GiB,22,8 GiB/vCPU,0,Variable,current,No,No,$1.4554 hourly,$0.2338 hourly,$2.4674 hourly,$1.2458 hourly
C3 High Memory 4,c3-highmem-4,32 GiB,4,8 GiB/vCPU,0,Variable,current,No,No,$0.2646 hourly,$0.0425 hourly,$0.4486 hourly,$0.2265 hourly
C3 High Memory 44,c3-highmem-44,352 GiB,44,8 GiB/vCPU,0,Variable,current,No,No,$2.9108 hourly,$0.4675 hourly,$4.9348 hourly,$2.4915 hourly
C3 High Memory 8,c3-highmem-8,64 GiB,8,8 GiB/vCPU,0,Variable,current,No,No,$0.5292 hourly,$0.085 hourly,$0.8972 hourly,$0.453 hourly
C3 High Memory 88,c3-highmem-88,704 GiB,88,8 GiB/vCPU,0,Variable,current,No,No,$5.8216 hourly,$0.9351 hourly,$9.8696 hourly,$4.9831 hourly
C3 Standard 176,c3-standard-176,704 GiB,176,4 GiB/vCPU,0,Variable,current,No,No,$8.8708 hourly,$1.3865 hourly,$16.9668 hourly,$9.4825 hourly
C3 Standard 176 lssd,c3-standard-176-lssd,704 GiB,176,4 GiB/vCPU,0,Variable,current,No,No,$8.8708 hourly,$1.3865 hourly,$16.9668 hourly,$9.4825 hourly
C3 Standard 192 metal,c3-standard-192-metal,768 GiB,192,4 GiB/vCPU,0,Variable,current,No,No,$9.6772 hourly,$1.5126 hourly,$18.5092 hourly,$10.3446 hourly
C3 Standard 22,c3-standard-22,88 GiB,22,4 GiB/vCPU,0,Variable,current,No,No,$1.1088 hourly,$0.1733 hourly,$2.1208 hourly,$1.1853 hourly
C3 Standard 22 lssd,c3-standard-22-lssd,88 GiB,22,4 GiB/vCPU,0,Variable,current,No,No,$1.1088 hourly,$0.1733 hourly,$2.1208 hourly,$1.1853 hourly
C3 Standard 4,c3-standard-4,16 GiB,4,4 GiB/vCPU,0,Variable,current,No,No,$0.2016 hourly,$0.0315 hourly,$0.3856 hourly,$0.2155 hourly
C3 Standard 4 lssd,c3-standard-4-lssd,16 GiB,4,4 GiB/vCPU,0,Variable,current,No,No,$0.2016 hourly,$0.0315 hourly,$0.3856 hourly,$0.2155 hourly
C3 Standard 44,c3-standard-44,176 GiB,44,4 GiB/vCPU,0,Variable,current,No,No,$2.2177 hourly,$0.3466 hourly,$4.2417 hourly,$2.3706 hourly
C3 Standard 44 lssd,c3-standard-44-lssd,176 GiB,44,4 GiB/vCPU,0,Variable,current,No,No,$2.2177 hourly,$0.3466 hourly,$4.2417 hourly,$2.3706 hourly
C3 Standard 8,c3-standard-8,32 GiB,8,4 GiB/vCPU,0,Variable,current,No,No,$0.4032 hourly,$0.063 hourly,$0.7712 hourly,$0.431 hourly
C3 Standard 8 lssd,c3-standard-8-lssd,32 GiB,8,4 GiB/vCPU,0,Variable,current,No,No,$0.4032 hourly,$0.063 hourly,$0.7712 hourly,$0.431 hourly
C3 Standard 88,c3-standard-88,352 GiB,88,4 GiB/vCPU,0,Variable,current,No,No,$4.4354 hourly,$0.6933 hourly,$8.4834 hourly,$4.7413 hourly
C3 Standard 88 lssd,c3-standard-88-lssd,352 GiB,88,4 GiB/vCPU,0,Variable,current,No,No,$4.4354 hourly,$0.6933 hourly,$8.4834 hourly,$4.7413 hourly
C3D High CPU 16,c3d-highcpu-16,32 GiB,16,2 GiB/vCPU,0,Variable,current,No,No,$0.5997 hourly,$0.0905 hourly,$1.3357 hourly,$0.8265 hourly
C3D High CPU 180,c3d-highcpu-180,354 GiB,180,1.97 GiB/vCPU,0,Variable,current,No,No,$6.7228 hourly,$1.0141 hourly,$15.0028 hourly,$9.2941 hourly
C3D High CPU 30,c3d-highcpu-30,59 GiB,30,1.97 GiB/vCPU,0,Variable,current,No,No,$1.1205 hourly,$0.169 hourly,$2.5005 hourly,$1.549 hourly
C3D High CPU 360,c3d-highcpu-360,708 GiB,360,1.97 GiB/vCPU,0,Variable,current,No,No,$13.4457 hourly,$2.0283 hourly,$30.0057 hourly,$18.5883 hourly
C3D High CPU 4,c3d-highcpu-4,8 GiB,4,2 GiB/vCPU,0,Variable,current,No,No,$0.1499 hourly,$0.0226 hourly,$0.3339 hourly,$0.2066 hourly
C3D High CPU 60,c3d-highcpu-60,118 GiB,60,1.97 GiB/vCPU,0,Variable,current,No,No,$2.2409 hourly,$0.338 hourly,$5.0009 hourly,$3.098 hourly
C3D High CPU 8,c3d-highcpu-8,16 GiB,8,2 GiB/vCPU,0,Variable,current,No,No,$0.2998 hourly,$0.0452 hourly,$0.6678 hourly,$0.4132 hourly
C3D High CPU 90,c3d-highcpu-90,177 GiB,90,1.97 GiB/vCPU,0,Variable,current,No,No,$3.3614 hourly,$0.5071 hourly,$7.5014 hourly,$4.6471 hourly
C3D High Memory 16,c3d-highmem-16,128 GiB,16,8 GiB/vCPU,0,Variable,current,No,No,$0.9798 hourly,$0.1478 hourly,$1.7158 hourly,$0.8838 hourly
C3D High Memory 16 lssd,c3d-highmem-16-lssd,128 GiB,16,8 GiB/vCPU,0,Variable,current,No,No,$0.9798 hourly,$0.1478 hourly,$1.7158 hourly,$0.8838 hourly
C3D High Memory 180,c3d-highmem-180,1440 GiB,180,8 GiB/vCPU,0,Variable,current,No,No,$11.0223 hourly,$1.6625 hourly,$19.3023 hourly,$9.9425 hourly
C3D High Memory 180 lssd,c3d-highmem-180-lssd,1440 GiB,180,8 GiB/vCPU,0,Variable,current,No,No,$11.0223 hourly,$1.6625 hourly,$19.3023 hourly,$9.9425 hourly
C3D High Memory 30,c3d-highmem-30,240 GiB,30,8 GiB/vCPU,0,Variable,current,No,No,$1.8371 hourly,$0.2771 hourly,$3.2171 hourly,$1.6571 hourly
C3D High Memory 30 lssd,c3d-highmem-30-lssd,240 GiB,30,8 GiB/vCPU,0,Variable,current,No,No,$1.8371 hourly,$0.2771 hourly,$3.2171 hourly,$1.6571 hourly
C3D High Memory 360,c3d-highmem-360,2880 GiB,360,8 GiB/vCPU,0,Variable,current,No,No,$22.0446 hourly,$3.325 hourly,$38.6046 hourly,$19.885 hourly
C3D High Memory 360 lssd,c3d-highmem-360-lssd,2880 GiB,360,8 GiB/vCPU,0,Variable,current,No,No,$22.0446 hourly,$3.325 hourly,$38.6046 hourly,$19.885 hourly
C3D High Memory 4,c3d-highmem-4,32 GiB,4,8 GiB/vCPU,0,Variable,current,No,No,$0.2449 hourly,$0.0369 hourly,$0.4289 hourly,$0.2209 hourly
C3D High Memory 60,c3d-highmem-60,480 GiB,60,8 GiB/vCPU,0,Variable,current,No,No,$3.6741 hourly,$0.5542 hourly,$6.4341 hourly,$3.3142 hourly
C3D High Memory 60 lssd,c3d-highmem-60-lssd,480 GiB,60,8 GiB/vCPU,0,Variable,current,No,No,$3.6741 hourly,$0.5542 hourly,$6.4341 hourly,$3.3142 hourly
C3D High Memory 8,c3d-highmem-8,64 GiB,8,8 GiB/vCPU,0,Variable,current,No,No,$0.4899 hourly,$0.0739 hourly,$0.8579 hourly,$0.4419 hourly
C3D High Memory 8 lssd,c3d-highmem-8-lssd,64 GiB,8,8 GiB/vCPU,0,Variable,current,No,No,$0.4899 hourly,$0.0739 hourly,$0.8579 hourly,$0.4419 hourly
C3D High Memory 90,c3d-highmem-90,720 GiB,90,8 GiB/vCPU,0,Variable,current,No,No,$5.5112 hourly,$0.8312 hourly,$9.6512 hourly,$4.9712 hourly
C3D High Memory 90 lssd,c3d-highmem-90-lssd,720 GiB,90,8 GiB/vCPU,0,Variable,current,No,No,$5.5112 hourly,$0.8312 hourly,$9.6512 hourly,$4.9712 hourly
C3D Standard 16,c3d-standard-16,64 GiB,16,4 GiB/vCPU,0,Variable,current,No,No,$0.7264 hourly,$0.1096 hourly,$1.4624 hourly,$0.8456 hourly
C3D Standard 16 lssd,c3d-standard-16-lssd,64 GiB,16,4 GiB/vCPU,0,Variable,current,No,No,$0.7264 hourly,$0.1096 hourly,$1.4624 hourly,$0.8456 hourly
C3D Standard 180,c3d-standard-180,720 GiB,180,4 GiB/vCPU,0,Variable,current,No,No,$8.1718 hourly,$1.2326 hourly,$16.4518 hourly,$9.5126 hourly
C3D Standard 180 lssd,c3d-standard-180-lssd,720 GiB,180,4 GiB/vCPU,0,Variable,current,No,No,$8.1718 hourly,$1.2326 hourly,$16.4518 hourly,$9.5126 hourly
C3D Standard 30,c3d-standard-30,120 GiB,30,4 GiB/vCPU,0,Variable,current,No,No,$1.362 hourly,$0.2054 hourly,$2.742 hourly,$1.5854 hourly
C3D Standard 30 lssd,c3d-standard-30-lssd,120 GiB,30,4 GiB/vCPU,0,Variable,current,No,No,$1.362 hourly,$0.2054 hourly,$2.742 hourly,$1.5854 hourly
C3D Standard 360,c3d-standard-360,1440 GiB,360,4 GiB/vCPU,0,Variable,current,No,No,$16.3436 hourly,$2.4653 hourly,$32.9036 hourly,$19.0253 hourly
C3D Standard 360 lssd,c3d-standard-360-lssd,1440 GiB,360,4 GiB/vCPU,0,Variable,current,No,No,$16.3436 hourly,$2.4653 hourly,$32.9036 hourly,$19.0253 hourly
C3D Standard 4,c3d-standard-4,16 GiB,4,4 GiB/vCPU,0,Variable,current,No,No,$0.1816 hourly,$0.0274 hourly,$0.3656 hourly,$0.2114 hourly
C3D Standard 60,c3d-standard-60,240 GiB,60,4 GiB/vCPU,0,Variable,current,No,No,$2.7239 hourly,$0.4109 hourly,$5.4839 hourly,$3.1709 hourly
C3D Standard 60 lssd,c3d-standard-60-lssd,240 GiB,60,4 GiB/vCPU,0,Variable,current,No,No,$2.7239 hourly,$0.4109 hourly,$5.4839 hourly,$3.1709 hourly
C3D Standard 8,c3d-standard-8,32 GiB,8,4 GiB/vCPU,0,Variable,current,No,No,$0.3632 hourly,$0.0548 hourly,$0.7312 hourly,$0.4228 hourly
C3D Standard 8 lssd,c3d-standard-8-lssd,32 GiB,8,4 GiB/vCPU,0,Variable,current,No,No,$0.3632 hourly,$0.0548 hourly,$0.7312 hourly,$0.4228 hourly
C3D Standard 90,c3d-standard-90,360 GiB,90,4 GiB/vCPU,0,Variable,current,No,No,$4.0859 hourly,$0.6163 hourly,$8.2259 hourly,$4.7563 hourly
C3D Standard 90 lssd,c3d-standard-90-lssd,360 GiB,90,4 GiB/vCPU,0,Variable,current,No,No,$4.0859 hourly,$0.6163 hourly,$8.2259 hourly,$4.7563 hourly
C4 High CPU 144,c4-highcpu-144,288 GiB,144,2 GiB/vCPU,0,Variable,current,No,No,$6.1237 hourly,$3.0609 hourly,$12.7477 hourly,$9.6849 hourly
C4 High CPU 16,c4-highcpu-16,32 GiB,16,2 GiB/vCPU,0,Variable,current,No,No,$0.6804 hourly,$0.3401 hourly,$1.4164 hourly,$1.0761 hourly
C4 High CPU 192,c4-highcpu-192,384 GiB,192,2 GiB/vCPU,0,Variable,current,No,No,$8.165 hourly,$4.0812 hourly,$16.997 hourly,$12.9132 hourly
C4 High CPU 2,c4-highcpu-2,4 GiB,2,2 GiB/vCPU,0,Variable,current,No,No,$0.0851 hourly,$0.0425 hourly,$0.1771 hourly,$0.1345 hourly
C4 High CPU 24,c4-highcpu-24,48 GiB,24,2 GiB/vCPU,0,Variable,current,No,No,$1.0206 hourly,$0.5101 hourly,$2.1246 hourly,$1.6141 hourly
C4 High CPU 288,c4-highcpu-288,576 GiB,288,2 GiB/vCPU,0,Variable,current,No,No,$12.2475 hourly,$6.1217 hourly,$25.4955 hourly,$19.3697 hourly
C4 High CPU 32,c4-highcpu-32,64 GiB,32,2 GiB/vCPU,0,Variable,current,No,No,$1.3608 hourly,$0.6802 hourly,$2.8328 hourly,$2.1522 hourly
C4 High CPU 4,c4-highcpu-4,8 GiB,4,2 GiB/vCPU,0,Variable,current,No,No,$0.1701 hourly,$0.085 hourly,$0.3541 hourly,$0.269 hourly
C4 High CPU 48,c4-highcpu-48,96 GiB,48,2 GiB/vCPU,0,Variable,current,No,No,$2.0412 hourly,$1.0203 hourly,$4.2492 hourly,$3.2283 hourly
C4 High CPU 8,c4-highcpu-8,16 GiB,8,2 GiB/vCPU,0,Variable,current,No,No,$0.3402 hourly,$0.17 hourly,$0.7082 hourly,$0.538 hourly
C4 High CPU 96,c4-highcpu-96,192 GiB,96,2 GiB/vCPU,0,Variable,current,No,No,$4.0825 hourly,$2.0406 hourly,$8.4985 hourly,$6.4566 hourly
C4 High Memory 144,c4-highmem-144,1116 GiB,144,7.75 GiB/vCPU,0,Variable,current,No,No,$9.3844 hourly,$4.6904 hourly,$16.0084 hourly,$11.3144 hourly
C4 High Memory 144 lssd,c4-highmem-144-lssd,1116 GiB,144,7.75 GiB/vCPU,0,Variable,current,No,No,$9.3844 hourly,$4.6904 hourly,$16.0084 hourly,$11.3144 hourly
C4 High Memory 16,c4-highmem-16,124 GiB,16,7.75 GiB/vCPU,0,Variable,current,No,No,$1.0427 hourly,$0.5212 hourly,$1.7787 hourly,$1.2572 hourly
C4 High Memory 16 lssd,c4-highmem-16-lssd,124 GiB,16,7.75 GiB/vCPU,0,Variable,current,No,No,$1.0427 hourly,$0.5212 hourly,$1.7787 hourly,$1.2572 hourly
C4 High Memory 192,c4-highmem-192,1488 GiB,192,7.75 GiB/vCPU,0,Variable,current,No,No,$12.5125 hourly,$6.2538 hourly,$21.3445 hourly,$15.0858 hourly
C4 High Memory 192 lssd,c4-highmem-192-lssd,1488 GiB,192,7.75 GiB/vCPU,0,Variable,current,No,No,$12.5125 hourly,$6.2538 hourly,$21.3445 hourly,$15.0858 hourly
C4 High Memory 2,c4-highmem-2,15 GiB,2,7.5 GiB/vCPU,0,Variable,current,No,No,$0.1284 hourly,$0.0642 hourly,$0.2204 hourly,$0.1562 hourly
C4 High Memory 24,c4-highmem-24,186 GiB,24,7.75 GiB/vCPU,0,Variable,current,No,No,$1.5641 hourly,$0.7817 hourly,$2.6681 hourly,$1.8857 hourly
C4 High Memory 24 lssd,c4-highmem-24-lssd,186 GiB,24,7.75 GiB/vCPU,0,Variable,current,No,No,$1.5641 hourly,$0.7817 hourly,$2.6681 hourly,$1.8857 hourly
C4 High Memory 288,c4-highmem-288,2232 GiB,288,7.75 GiB/vCPU,0,Variable,current,No,No,$18.7688 hourly,$9.3807 hourly,$32.0168 hourly,$22.6287 hourly
C4 High Memory 288 lssd,c4-highmem-288-lssd,2232 GiB,288,7.75 GiB/vCPU,0,Variable,current,No,No,$18.7688 hourly,$9.3807 hourly,$32.0168 hourly,$22.6287 hourly
C4 High Memory 288 lssd metal,c4-highmem-288-lssd-metal,2232 GiB,288,7.75 GiB/vCPU,0,Variable,current,No,No,$18.7688 hourly,$9.3807 hourly,$32.0168 hourly,$22.6287 hourly
C4 High Memory 288 metal,c4-highmem-288-metal,2232 GiB,288,7.75 GiB/vCPU,0,Variable,current,No,No,$18.7688 hourly,$9.3807 hourly,$32.0168 hourly,$22.6287 hourly
C4 High Memory 32,c4-highmem-32,248 GiB,32,7.75 GiB/vCPU,0,Variable,current,No,No,$2.0854 hourly,$1.0423 hourly,$3.5574 hourly,$2.5143 hourly
C4 High Memory 32 lssd,c4-highmem-32-lssd,248 GiB,32,7.75 GiB/vCPU,0,Variable,current,No,No,$2.0854 hourly,$1.0423 hourly,$3.5574 hourly,$2.5143 hourly
C4 High Memory 4,c4-highmem-4,31 GiB,4,7.75 GiB/vCPU,0,Variable,current,No,No,$0.2607 hourly,$0.1303 hourly,$0.4447 hourly,$0.3143 hourly
C4 High Memory 4 lssd,c4-highmem-4-lssd,31 GiB,4,7.75 GiB/vCPU,0,Variable,current,No,No,$0.2607 hourly,$0.1303 hourly,$0.4447 hourly,$0.3143 hourly
C4 High Memory 48,c4-highmem-48,372 GiB,48,7.75 GiB/vCPU,0,Variable,current,No,No,$3.1281 hourly,$1.5635 hourly,$5.3361 hourly,$3.7715 hourly
C4 High Memory 48 lssd,c4-highmem-48-lssd,372 GiB,48,7.75 GiB/vCPU,0,Variable,current,No,No,$3.1281 hourly,$1.5635 hourly,$5.3361 hourly,$3.7715 hourly
C4 High Memory 8,c4-highmem-8,62 GiB,8,7.75 GiB/vCPU,0,Variable,current,No,No,$0.5214 hourly,$0.2606 hourly,$0.8894 hourly,$0.6286 hourly
C4 High Memory 8 lssd,c4-highmem-8-lssd,62 GiB,8,7.75 GiB/vCPU,0,Variable,current,No,No,$0.5214 hourly,$0.2606 hourly,$0.8894 hourly,$0.6286 hourly
C4 High Memory 96,c4-highmem-96,744 GiB,96,7.75 GiB/vCPU,0,Variable,current,No,No,$6.2563 hourly,$3.1269 hourly,$10.6723 hourly,$7.5429 hourly
C4 High Memory 96 lssd,c4-highmem-96-lssd,744 GiB,96,7.75 GiB/vCPU,0,Variable,current,No,No,$6.2563 hourly,$3.1269 hourly,$10.6723 hourly,$7.5429 hourly
C4 Standard 144,c4-standard-144,540 GiB,144,3.75 GiB/vCPU,0,Variable,current,No,No,$7.1161 hourly,$3.5568 hourly,$13.7401 hourly,$10.1808 hourly
C4 Standard 144 lssd,c4-standard-144-lssd,540 GiB,144,3.75 GiB/vCPU,0,Variable,current,No,No,$7.1161 hourly,$3.5568 hourly,$13.7401 hourly,$10.1808 hourly
C4 Standard 16,c4-standard-16,60 GiB,16,3.75 GiB/vCPU,0,Variable,current,No,No,$0.7907 hourly,$0.3952 hourly,$1.5267 hourly,$1.1312 hourly
C4 Standard 16 lssd,c4-standard-16-lssd,60 GiB,16,3.75 GiB/vCPU,0,Variable,current,No,No,$0.7907 hourly,$0.3952 hourly,$1.5267 hourly,$1.1312 hourly
C4 Standard 192,c4-standard-192,720 GiB,192,3.75 GiB/vCPU,0,Variable,current,No,No,$9.4882 hourly,$4.7424 hourly,$18.3202 hourly,$13.5744 hourly
C4 Standard 192 lssd,c4-standard-192-lssd,720 GiB,192,3.75 GiB/vCPU,0,Variable,current,No,No,$9.4882 hourly,$4.7424 hourly,$18.3202 hourly,$13.5744 hourly
C4 Standard 2,c4-standard-2,7 GiB,2,3.5 GiB/vCPU,0,Variable,current,No,No,$0.0969 hourly,$0.0484 hourly,$0.1889 hourly,$0.1404 hourly
C4 Standard 24,c4-standard-24,90 GiB,24,3.75 GiB/vCPU,0,Variable,current,No,No,$1.186 hourly,$0.5928 hourly,$2.29 hourly,$1.6968 hourly
C4 Standard 24 lssd,c4-standard-24-lssd,90 GiB,24,3.75 GiB/vCPU,0,Variable,current,No,No,$1.186 hourly,$0.5928 hourly,$2.29 hourly,$1.6968 hourly
C4 Standard 288,c4-standard-288,1080 GiB,288,3.75 GiB/vCPU,0,Variable,current,No,No,$14.2322 hourly,$7.1136 hourly,$27.4802 hourly,$20.3616 hourly
C4 Standard 288 lssd,c4-standard-288-lssd,1080 GiB,288,3.75 GiB/vCPU,0,Variable,current,No,No,$14.2322 hourly,$7.1136 hourly,$27.4802 hourly,$20.3616 hourly
C4 Standard 288 lssd metal,c4-standard-288-lssd-metal,1080 GiB,288,3.75 GiB/vCPU,0,Variable,current,No,No,$14.2322 hourly,$7.1136 hourly,$27.4802 hourly,$20.3616 hourly
C4 Standard 288 metal,c4-standard-288-metal,1080 GiB,288,3.75 GiB/vCPU,0,Variable,current,No,No,$14.2322 hourly,$7.1136 hourly,$27.4802 hourly,$20.3616 hourly
C4 Standard 32,c4-standard-32,120 GiB,32,3.75 GiB/vCPU,0,Variable,current,No,No,$1.5814 hourly,$0.7904 hourly,$3.0534 hourly,$2.2624 hourly
C4 Standard 32 lssd,c4-standard-32-lssd,120 GiB,32,3.75 GiB/vCPU,0,Variable,current,No,No,$1.5814 hourly,$0.7904 hourly,$3.0534 hourly,$2.2624 hourly
C4 Standard 4,c4-standard-4,15 GiB,4,3.75 GiB/vCPU,0,Variable,current,No,No,$0.1977 hourly,$0.0988 hourly,$0.3817 hourly,$0.2828 hourly
C4 Standard 4 lssd,c4-standard-4-lssd,15 GiB,4,3.75 GiB/vCPU,0,Variable,current,No,No,$0.1977 hourly,$0.0988 hourly,$0.3817 hourly,$0.2828 hourly
C4 Standard 48,c4-standard-48,180 GiB,48,3.75 GiB/vCPU,0,Variable,current,No,No,$2.372 hourly,$1.1856 hourly,$4.58 hourly,$3.3936 hourly
C4 Standard 48 lssd,c4-standard-48-lssd,180 GiB,48,3.75 GiB/vCPU,0,Variable,current,No,No,$2.372 hourly,$1.1856 hourly,$4.58 hourly,$3.3936 hourly
C4 Standard 8,c4-standard-8,30 GiB,8,3.75 GiB/vCPU,0,Variable,current,No,No,$0.3953 hourly,$0.1976 hourly,$0.7633 hourly,$0.5656 hourly
C4 Standard 8 lssd,c4-standard-8-lssd,30 GiB,8,3.75 GiB/vCPU,0,Variable,current,No,No,$0.3953 hourly,$0.1976 hourly,$0.7633 hourly,$0.5656 hourly
C4 Standard 96,c4-standard-96,360 GiB,96,3.75 GiB/vCPU,0,Variable,current,No,No,$4.7441 hourly,$2.3712 hourly,$9.1601 hourly,$6.7872 hourly
C4 Standard 96 lssd,c4-standard-96-lssd,360 GiB,96,3.75 GiB/vCPU,0,Variable,current,No,No,$4.7441 hourly,$2.3712 hourly,$9.1601 hourly,$6.7872 hourly
E2 High CPU 16,e2-highcpu-16,16 GiB,16,1 GiB/vCPU,0,Variable,current,No,No,$0.4458 hourly,$0.1914 hourly,$1.1818 hourly,$0.9274 hourly
E2 High CPU 2,e2-highcpu-2,2 GiB,2,1 GiB/vCPU,0,Variable,current,No,No,$0.0557 hourly,$0.0239 hourly,$0.1477 hourly,$0.1159 hourly
E2 High CPU 32,e2-highcpu-32,32 GiB,32,1 GiB/vCPU,0,Variable,current,No,No,$0.8915 hourly,$0.3828 hourly,$2.3635 hourly,$1.8548 hourly
E2 High CPU 4,e2-highcpu-4,4 GiB,4,1 GiB/vCPU,0,Variable,current,No,No,$0.1114 hourly,$0.0479 hourly,$0.2954 hourly,$0.2319 hourly
E2 High CPU 8,e2-highcpu-8,8 GiB,8,1 GiB/vCPU,0,Variable,current,No,No,$0.2229 hourly,$0.0957 hourly,$0.5909 hourly,$0.4637 hourly
E2 High Memory 16,e2-highmem-16,128 GiB,16,8 GiB/vCPU,0,Variable,current,No,No,$0.8145 hourly,$0.3497 hourly,$1.5505 hourly,$1.0857 hourly
E2 High Memory 2,e2-highmem-2,16 GiB,2,8 GiB/vCPU,0,Variable,current,No,No,$0.1018 hourly,$0.0437 hourly,$0.1938 hourly,$0.1357 hourly
E2 High Memory 4,e2-highmem-4,32 GiB,4,8 GiB/vCPU,0,Variable,current,No,No,$0.2036 hourly,$0.0874 hourly,$0.3876 hourly,$0.2714 hourly
E2 High Memory 8,e2-highmem-8,64 GiB,8,8 GiB/vCPU,0,Variable,current,No,No,$0.4072 hourly,$0.1748 hourly,$0.7752 hourly,$0.5428 hourly
E2 Medium,e2-medium,4 GiB,2,2 GiB/vCPU,0,Variable,current,No,Yes,$0.0623 hourly,$0.0268 hourly,$0.1543 hourly,$0.1188 hourly
E2 Micro,e2-micro,1 GiB,2,0.5 GiB/vCPU,0,Variable,current,No,Yes,$0.0524 hourly,$0.0225 hourly,$0.1444 hourly,$0.1145 hourly
E2 Small,e2-small,2 GiB,2,1 GiB/vCPU,0,Variable,current,No,Yes,$0.0557 hourly,$0.0239 hourly,$0.1477 hourly,$0.1159 hourly
E2 Standard 16,e2-standard-16,64 GiB,16,4 GiB/vCPU,0,Variable,current,No,No,$0.6038 hourly,$0.2592 hourly,$1.3398 hourly,$0.9952 hourly
E2 Standard 2,e2-standard-2,8 GiB,2,4 GiB/vCPU,0,Variable,current,No,No,$0.0755 hourly,$0.0324 hourly,$0.1675 hourly,$0.1244 hourly
E2 Standard 32,e2-standard-32,128 GiB,32,4 GiB/vCPU,0,Variable,current,No,No,$1.2075 hourly,$0.5185 hourly,$2.6795 hourly,$1.9905 hourly
E2 Standard 4,e2-standard-4,16 GiB,4,4 GiB/vCPU,0,Variable,current,No,No,$0.1509 hourly,$0.0648 hourly,$0.3349 hourly,$0.2488 hourly
E2 Standard 8,e2-standard-8,32 GiB,8,4 GiB/vCPU,0,Variable,current,No,No,$0.3019 hourly,$0.1296 hourly,$0.6699 hourly,$0.4976 hourly
G2 Standard 12,g2-standard-12,48 GiB,12,4 GiB/vCPU,1,Variable,current,No,No,$0.4404 hourly,$0.1755 hourly,$0.9924 hourly,$0.7275 hourly
G2 Standard 16,g2-standard-16,64 GiB,16,4 GiB/vCPU,1,Variable,current,No,No,$0.5872 hourly,$0.234 hourly,$1.3232 hourly,$0.97 hourly
G2 Standard 24,g2-standard-24,96 GiB,24,4 GiB/vCPU,2,Variable,current,No,No,$0.8808 hourly,$0.3511 hourly,$1.9848 hourly,$1.4551 hourly
G2 Standard 32,g2-standard-32,128 GiB,32,4 GiB/vCPU,1,Variable,current,No,No,$1.1743 hourly,$0.4681 hourly,$2.6463 hourly,$1.9401 hourly
G2 Standard 4,g2-standard-4,16 GiB,4,4 GiB/vCPU,1,Variable,current,No,No,$0.1468 hourly,$0.0585 hourly,$0.3308 hourly,$0.2425 hourly
G2 Standard 48,g2-standard-48,192 GiB,48,4 GiB/vCPU,4,Variable,current,No,No,$1.7615 hourly,$0.7021 hourly,$3.9695 hourly,$2.9101 hourly
G2 Standard 8,g2-standard-8,32 GiB,8,4 GiB/vCPU,1,Variable,current,No,No,$0.2936 hourly,$0.117 hourly,$0.6616 hourly,$0.485 hourly
G2 Standard 96,g2-standard-96,384 GiB,96,4 GiB/vCPU,8,Variable,current,No,No,$3.523 hourly,$1.4043 hourly,$7.939 hourly,$5.8203 hourly
H3 Standard 88,h3-standard-88,352 GiB,88,4 GiB/vCPU,0,Variable,current,No,No,$4.9236 hourly,$1.0344 hourly,$8.9716 hourly,$5.0824 hourly
M3 Mega Memory 128,m3-megamem-128,1952 GiB,128,15.25 GiB/vCPU,0,Variable,current,No,No,$14.4096 hourly,$1.9395 hourly,$20.2976 hourly,$7.8275 hourly
M3 Mega Memory 64,m3-megamem-64,976 GiB,64,15.25 GiB/vCPU,0,Variable,current,No,No,$7.2048 hourly,$0.9697 hourly,$10.1488 hourly,$3.9137 hourly
M3 Ultra Memory 128,m3-ultramem-128,3904 GiB,128,30.5 GiB/vCPU,0,Variable,current,No,No,$24.3648 hourly,$3.2824 hourly,$30.2528 hourly,$9.1704 hourly
M3 Ultra Memory 32,m3-ultramem-32,976 GiB,32,30.5 GiB/vCPU,0,Variable,current,No,No,$6.0912 hourly,$0.8206 hourly,$7.5632 hourly,$2.2926 hourly
M3 Ultra Memory 64,m3-ultramem-64,1952 GiB,64,30.5 GiB/vCPU,0,Variable,current,No,No,$12.1824 hourly,$1.6412 hourly,$15.1264 hourly,$4.5852 hourly
M4 Hypermem 16,m4-hypermem-16,248 GiB,16,15.5 GiB/vCPU,0,Variable,current,No,No,$1.4258 hourly,$0.6132 hourly,$2.1618 hourly,$1.3492 hourly
M4 Hypermem 32,m4-hypermem-32,496 GiB,32,15.5 GiB/vCPU,0,Variable,current,No,No,$2.8516 hourly,$1.2264 hourly,$4.3236 hourly,$2.6984 hourly
M4 Hypermem 64,m4-hypermem-64,992 GiB,64,15.5 GiB/vCPU,0,Variable,current,No,No,$5.7033 hourly,$2.4529 hourly,$8.6473 hourly,$5.3969 hourly
M4 Mega Memory 112,m4-megamem-112,1488 GiB,112,13.29 GiB/vCPU,0,Variable,current,No,No,$8.8473 hourly,$3.8256 hourly,$13.9993 hourly,$8.9776 hourly
M4 Mega Memory 224,m4-megamem-224,2976 GiB,224,13.29 GiB/vCPU,0,Variable,current,No,No,$17.6947 hourly,$7.6512 hourly,$27.9987 hourly,$17.9552 hourly
M4 Mega Memory 28,m4-megamem-28,372 GiB,28,13.29 GiB/vCPU,0,Variable,current,No,No,$2.2118 hourly,$0.9564 hourly,$3.4998 hourly,$2.2444 hourly
M4 Mega Memory 56,m4-megamem-56,744 GiB,56,13.29 GiB/vCPU,0,Variable,current,No,No,$4.4237 hourly,$1.9128 hourly,$6.9997 hourly,$4.4888 hourly
M4 Ultra Memory 112,m4-ultramem-112,2976 GiB,112,26.57 GiB/vCPU,0,Variable,current,No,No,$15.6475 hourly,$6.6275 hourly,$20.7995 hourly,$11.7795 hourly
M4 Ultra Memory 224,m4-ultramem-224,5952 GiB,224,26.57 GiB/vCPU,0,Variable,current,No,No,$31.295 hourly,$13.255 hourly,$41.599 hourly,$23.559 hourly
M4 Ultra Memory 56,m4-ultramem-56,1488 GiB,56,26.57 GiB/vCPU,0,Variable,current,No,No,$7.8238 hourly,$3.3137 hourly,$10.3998 hourly,$5.8897 hourly
N1 High CPU 16,n1-highcpu-16,14.400390625 GiB,16,0.9 GiB/vCPU,0,Variable,current,No,No,$0.6384 hourly,$0.139 hourly,$1.3744 hourly,$0.875 hourly
N1 High CPU 2,n1-highcpu-2,1.7998046875 GiB,2,0.9 GiB/vCPU,0,Variable,current,No,No,$0.0798 hourly,$0.0174 hourly,$0.1718 hourly,$0.1094 hourly
N1 High CPU 32,n1-highcpu-32,28.7998046875 GiB,32,0.9 GiB/vCPU,0,Variable,current,No,No,$1.2768 hourly,$0.2779 hourly,$2.7488 hourly,$1.7499 hourly
N1 High CPU 4,n1-highcpu-4,3.599609375 GiB,4,0.9 GiB/vCPU,0,Variable,current,No,No,$0.1596 hourly,$0.0347 hourly,$0.3436 hourly,$0.2187 hourly
N1 High CPU 64,n1-highcpu-64,57.599609375 GiB,64,0.9 GiB/vCPU,0,Variable,current,No,No,$2.5535 hourly,$0.5559 hourly,$5.4975 hourly,$3.4999 hourly
N1 High CPU 8,n1-highcpu-8,7.2001953125 GiB,8,0.9 GiB/vCPU,0,Variable,current,No,No,$0.3192 hourly,$0.0695 hourly,$0.6872 hourly,$0.4375 hourly
N1 High CPU 96,n1-highcpu-96,86.400390625 GiB,96,0.9 GiB/vCPU,0,Variable,current,No,No,$3.8303 hourly,$0.8338 hourly,$8.2463 hourly,$5.2498 hourly
N1 High Memory 16,n1-highmem-16,104 GiB,16,6.5 GiB/vCPU,0,Variable,current,No,No,$1.0659 hourly,$0.2211 hourly,$1.8019 hourly,$0.9571 hourly
N1 High Memory 2,n1-highmem-2,13 GiB,2,6.5 GiB/vCPU,0,Variable,current,No,No,$0.1332 hourly,$0.0276 hourly,$0.2252 hourly,$0.1196 hourly
N1 High Memory 32,n1-highmem-32,208 GiB,32,6.5 GiB/vCPU,0,Variable,current,No,No,$2.1317 hourly,$0.4423 hourly,$3.6037 hourly,$1.9143 hourly
N1 High Memory 4,n1-highmem-4,26 GiB,4,6.5 GiB/vCPU,0,Variable,current,No,No,$0.2665 hourly,$0.0553 hourly,$0.4505 hourly,$0.2393 hourly
N1 High Memory 64,n1-highmem-64,416 GiB,64,6.5 GiB/vCPU,0,Variable,current,No,No,$4.2635 hourly,$0.8845 hourly,$7.2075 hourly,$3.8285 hourly
N1 High Memory 8,n1-highmem-8,52 GiB,8,6.5 GiB/vCPU,0,Variable,current,No,No,$0.5329 hourly,$0.1106 hourly,$0.9009 hourly,$0.4786 hourly
N1 High Memory 96,n1-highmem-96,624 GiB,96,6.5 GiB/vCPU,0,Variable,current,No,No,$6.3952 hourly,$1.3268 hourly,$10.8112 hourly,$5.7428 hourly
N1 Mega Memory 96,n1-megamem-96,1433.599609375 GiB,96,14.93 GiB/vCPU,0,Variable,current,No,No,$10.2578 hourly,$2.0692 hourly,$14.6738 hourly,$6.4852 hourly
N1 Standard 1,n1-standard-1,3.75 GiB,1,3.75 GiB/vCPU,0,Variable,current,No,No,$0.0535 hourly,$0.0113 hourly,$0.0995 hourly,$0.0573 hourly
N1 Standard 16,n1-standard-16,60 GiB,16,3.75 GiB/vCPU,0,Variable,current,No,No,$0.8559 hourly,$0.1808 hourly,$1.5919 hourly,$0.9168 hourly
N1 Standard 2,n1-standard-2,7.5 GiB,2,3.75 GiB/vCPU,0,Variable,current,No,No,$0.107 hourly,$0.0226 hourly,$0.199 hourly,$0.1146 hourly
N1 Standard 32,n1-standard-32,120 GiB,32,3.75 GiB/vCPU,0,Variable,current,No,No,$1.7119 hourly,$0.3616 hourly,$3.1839 hourly,$1.8336 hourly
N1 Standard 4,n1-standard-4,15 GiB,4,3.75 GiB/vCPU,0,Variable,current,No,No,$0.214 hourly,$0.0452 hourly,$0.398 hourly,$0.2292 hourly
N1 Standard 64,n1-standard-64,240 GiB,64,3.75 GiB/vCPU,0,Variable,current,No,No,$3.4238 hourly,$0.7231 hourly,$6.3678 hourly,$3.6671 hourly
N1 Standard 8,n1-standard-8,30 GiB,8,3.75 GiB/vCPU,0,Variable,current,No,No,$0.428 hourly,$0.0904 hourly,$0.796 hourly,$0.4584 hourly
N1 Standard 96,n1-standard-96,360 GiB,96,3.75 GiB/vCPU,0,Variable,current,No,No,$5.1356 hourly,$1.0847 hourly,$9.5516 hourly,$5.5007 hourly
N1 Ultra Memory 160,n1-ultramem-160,3844 GiB,160,24.03 GiB/vCPU,0,Variable,current,No,No,$24.0365 hourly,$4.7825 hourly,$31.3965 hourly,$12.1425 hourly
N1 Ultra Memory 40,n1-ultramem-40,961 GiB,40,24.03 GiB/vCPU,0,Variable,current,No,No,$6.0091 hourly,$1.1956 hourly,$7.8491 hourly,$3.0356 hourly
N1 Ultra Memory 80,n1-ultramem-80,1922 GiB,80,24.03 GiB/vCPU,0,Variable,current,No,No,$12.0183 hourly,$2.3913 hourly,$15.6983 hourly,$6.0713 hourly
N2 High CPU 16,n2-highcpu-16,16 GiB,16,1 GiB/vCPU,0,Variable,current,No,No,$0.646 hourly,$0.1421 hourly,$1.382 hourly,$0.8781 hourly
N2 High CPU 2,n2-highcpu-2,2 GiB,2,1 GiB/vCPU,0,Variable,current,No,No,$0.0808 hourly,$0.0178 hourly,$0.1728 hourly,$0.1098 hourly
N2 High CPU 32,n2-highcpu-32,32 GiB,32,1 GiB/vCPU,0,Variable,current,No,No,$1.292 hourly,$0.2842 hourly,$2.764 hourly,$1.7562 hourly
N2 High CPU 4,n2-highcpu-4,4 GiB,4,1 GiB/vCPU,0,Variable,current,No,No,$0.1615 hourly,$0.0355 hourly,$0.3455 hourly,$0.2195 hourly
N2 High CPU 48,n2-highcpu-48,48 GiB,48,1 GiB/vCPU,0,Variable,current,No,No,$1.938 hourly,$0.4263 hourly,$4.146 hourly,$2.6343 hourly
N2 High CPU 64,n2-highcpu-64,64 GiB,64,1 GiB/vCPU,0,Variable,current,No,No,$2.5841 hourly,$0.5684 hourly,$5.5281 hourly,$3.5124 hourly
N2 High CPU 8,n2-highcpu-8,8 GiB,8,1 GiB/vCPU,0,Variable,current,No,No,$0.323 hourly,$0.0711 hourly,$0.691 hourly,$0.4391 hourly
N2 High CPU 80,n2-highcpu-80,80 GiB,80,1 GiB/vCPU,0,Variable,current,No,No,$3.2301 hourly,$0.7106 hourly,$6.9101 hourly,$4.3906 hourly
N2 High CPU 96,n2-highcpu-96,96 GiB,96,1 GiB/vCPU,0,Variable,current,No,No,$3.8761 hourly,$0.8527 hourly,$8.2921 hourly,$5.2687 hourly
N2 High Memory 128,n2-highmem-128,864 GiB,128,6.75 GiB/vCPU,0,Variable,current,No,No,$8.6796 hourly,$1.9112 hourly,$14.5676 hourly,$7.7992 hourly
N2 High Memory 16,n2-highmem-16,128 GiB,16,8 GiB/vCPU,0,Variable,current,No,No,$1.1804 hourly,$0.2599 hourly,$1.9164 hourly,$0.9959 hourly
N2 High Memory 2,n2-highmem-2,16 GiB,2,8 GiB/vCPU,0,Variable,current,No,No,$0.1475 hourly,$0.0325 hourly,$0.2395 hourly,$0.1245 hourly
N2 High Memory 32,n2-highmem-32,256 GiB,32,8 GiB/vCPU,0,Variable,current,No,No,$2.3607 hourly,$0.5199 hourly,$3.8327 hourly,$1.9919 hourly
N2 High Memory 4,n2-highmem-4,32 GiB,4,8 GiB/vCPU,0,Variable,current,No,No,$0.2951 hourly,$0.065 hourly,$0.4791 hourly,$0.249 hourly
N2 High Memory 48,n2-highmem-48,384 GiB,48,8 GiB/vCPU,0,Variable,current,No,No,$3.5411 hourly,$0.7798 hourly,$5.7491 hourly,$2.9878 hourly
N2 High Memory 64,n2-highmem-64,512 GiB,64,8 GiB/vCPU,0,Variable,current,No,No,$4.7215 hourly,$1.0397 hourly,$7.6655 hourly,$3.9837 hourly
N2 High Memory 8,n2-highmem-8,64 GiB,8,8 GiB/vCPU,0,Variable,current,No,No,$0.5902 hourly,$0.13 hourly,$0.9582 hourly,$0.498 hourly
N2 High Memory 80,n2-highmem-80,640 GiB,80,8 GiB/vCPU,0,Variable,current,No,No,$5.9018 hourly,$1.2997 hourly,$9.5818 hourly,$4.9797 hourly
N2 High Memory 96,n2-highmem-96,768 GiB,96,8 GiB/vCPU,0,Variable,current,No,No,$7.0822 hourly,$1.5596 hourly,$11.4982 hourly,$5.9756 hourly
N2 Standard 128,n2-standard-128,512 GiB,128,4 GiB/vCPU,0,Variable,current,No,No,$7.0002 hourly,$1.5409 hourly,$12.8882 hourly,$7.4289 hourly
N2 Standard 16,n2-standard-16,64 GiB,16,4 GiB/vCPU,0,Variable,current,No,No,$0.875 hourly,$0.1926 hourly,$1.611 hourly,$0.9286 hourly
N2 Standard 2,n2-standard-2,8 GiB,2,4 GiB/vCPU,0,Variable,current,No,No,$0.1094 hourly,$0.0241 hourly,$0.2014 hourly,$0.1161 hourly
N2 Standard 32,n2-standard-32,128 GiB,32,4 GiB/vCPU,0,Variable,current,No,No,$1.75 hourly,$0.3852 hourly,$3.222 hourly,$1.8572 hourly
N2 Standard 4,n2-standard-4,16 GiB,4,4 GiB/vCPU,0,Variable,current,No,No,$0.2188 hourly,$0.0482 hourly,$0.4028 hourly,$0.2322 hourly
N2 Standard 48,n2-standard-48,192 GiB,48,4 GiB/vCPU,0,Variable,current,No,No,$2.6251 hourly,$0.5778 hourly,$4.8331 hourly,$2.7858 hourly
N2 Standard 64,n2-standard-64,256 GiB,64,4 GiB/vCPU,0,Variable,current,No,No,$3.5001 hourly,$0.7704 hourly,$6.4441 hourly,$3.7144 hourly
N2 Standard 8,n2-standard-8,32 GiB,8,4 GiB/vCPU,0,Variable,current,No,No,$0.4375 hourly,$0.0963 hourly,$0.8055 hourly,$0.4643 hourly
N2 Standard 80,n2-standard-80,320 GiB,80,4 GiB/vCPU,0,Variable,current,No,No,$4.3751 hourly,$0.963 hourly,$8.0551 hourly,$4.643 hourly
N2 Standard 96,n2-standard-96,384 GiB,96,4 GiB/vCPU,0,Variable,current,No,No,$5.2501 hourly,$1.1556 hourly,$9.6661 hourly,$5.5716 hourly
N2D High CPU 128,n2d-highcpu-128,128 GiB,128,1 GiB/vCPU,0,Variable,current,No,No,$4.4963 hourly,$0.8287 hourly,$10.3843 hourly,$6.7167 hourly
N2D High CPU 16,n2d-highcpu-16,16 GiB,16,1 GiB/vCPU,0,Variable,current,No,No,$0.562 hourly,$0.1036 hourly,$1.298 hourly,$0.8396 hourly
N2D High CPU 2,n2d-highcpu-2,2 GiB,2,1 GiB/vCPU,0,Variable,current,No,No,$0.0703 hourly,$0.0129 hourly,$0.1623 hourly,$0.1049 hourly
N2D High CPU 224,n2d-highcpu-224,224 GiB,224,1 GiB/vCPU,0,Variable,current,No,No,$7.8684 hourly,$1.4502 hourly,$18.1724 hourly,$11.7542 hourly
N2D High CPU 32,n2d-highcpu-32,32 GiB,32,1 GiB/vCPU,0,Variable,current,No,No,$1.1241 hourly,$0.2072 hourly,$2.5961 hourly,$1.6792 hourly
N2D High CPU 4,n2d-highcpu-4,4 GiB,4,1 GiB/vCPU,0,Variable,current,No,No,$0.1405 hourly,$0.0259 hourly,$0.3245 hourly,$0.2099 hourly
N2D High CPU 48,n2d-highcpu-48,48 GiB,48,1 GiB/vCPU,0,Variable,current,No,No,$1.6861 hourly,$0.3108 hourly,$3.8941 hourly,$2.5188 hourly
N2D High CPU 64,n2d-highcpu-64,64 GiB,64,1 GiB/vCPU,0,Variable,current,No,No,$2.2481 hourly,$0.4143 hourly,$5.1921 hourly,$3.3583 hourly
N2D High CPU 8,n2d-highcpu-8,8 GiB,8,1 GiB/vCPU,0,Variable,current,No,No,$0.281 hourly,$0.0518 hourly,$0.649 hourly,$0.4198 hourly
N2D High CPU 80,n2d-highcpu-80,80 GiB,80,1 GiB/vCPU,0,Variable,current,No,No,$2.8102 hourly,$0.5179 hourly,$6.4902 hourly,$4.1979 hourly
N2D High CPU 96,n2d-highcpu-96,96 GiB,96,1 GiB/vCPU,0,Variable,current,No,No,$3.3722 hourly,$0.6215 hourly,$7.7882 hourly,$5.0375 hourly
N2D High Memory 16,n2d-highmem-16,128 GiB,16,8 GiB/vCPU,0,Variable,current,No,No,$1.0269 hourly,$0.1892 hourly,$1.7629 hourly,$0.9252 hourly
N2D High Memory 2,n2d-highmem-2,16 GiB,2,8 GiB/vCPU,0,Variable,current,No,No,$0.1284 hourly,$0.0236 hourly,$0.2204 hourly,$0.1156 hourly
N2D High Memory 32,n2d-highmem-32,256 GiB,32,8 GiB/vCPU,0,Variable,current,No,No,$2.0539 hourly,$0.3783 hourly,$3.5259 hourly,$1.8503 hourly
N2D High Memory 4,n2d-highmem-4,32 GiB,4,8 GiB/vCPU,0,Variable,current,No,No,$0.2567 hourly,$0.0473 hourly,$0.4407 hourly,$0.2313 hourly
N2D High Memory 48,n2d-highmem-48,384 GiB,48,8 GiB/vCPU,0,Variable,current,No,No,$3.0808 hourly,$0.5675 hourly,$5.2888 hourly,$2.7755 hourly
N2D High Memory 64,n2d-highmem-64,512 GiB,64,8 GiB/vCPU,0,Variable,current,No,No,$4.1078 hourly,$0.7566 hourly,$7.0518 hourly,$3.7006 hourly
N2D High Memory 8,n2d-highmem-8,64 GiB,8,8 GiB/vCPU,0,Variable,current,No,No,$0.5135 hourly,$0.0946 hourly,$0.8815 hourly,$0.4626 hourly
N2D High Memory 80,n2d-highmem-80,640 GiB,80,8 GiB/vCPU,0,Variable,current,No,No,$5.1347 hourly,$0.9458 hourly,$8.8147 hourly,$4.6258 hourly
N2D High Memory 96,n2d-highmem-96,768 GiB,96,8 GiB/vCPU,0,Variable,current,No,No,$6.1617 hourly,$1.1349 hourly,$10.5777 hourly,$5.5509 hourly
N2D Standard 128,n2d-standard-128,512 GiB,128,4 GiB/vCPU,0,Variable,current,No,No,$6.0902 hourly,$1.122 hourly,$11.9782 hourly,$7.01 hourly
N2D Standard 16,n2d-standard-16,64 GiB,16,4 GiB/vCPU,0,Variable,current,No,No,$0.7613 hourly,$0.1403 hourly,$1.4973 hourly,$0.8763 hourly
N2D Standard 2,n2d-standard-2,8 GiB,2,4 GiB/vCPU,0,Variable,current,No,No,$0.0952 hourly,$0.0175 hourly,$0.1872 hourly,$0.1095 hourly
N2D Standard 224,n2d-standard-224,896 GiB,224,4 GiB/vCPU,0,Variable,current,No,No,$10.6579 hourly,$1.9636 hourly,$20.9619 hourly,$12.2676 hourly
N2D Standard 32,n2d-standard-32,128 GiB,32,4 GiB/vCPU,0,Variable,current,No,No,$1.5226 hourly,$0.2805 hourly,$2.9946 hourly,$1.7525 hourly
N2D Standard 4,n2d-standard-4,16 GiB,4,4 GiB/vCPU,0,Variable,current,No,No,$0.1903 hourly,$0.0351 hourly,$0.3743 hourly,$0.2191 hourly
N2D Standard 48,n2d-standard-48,192 GiB,48,4 GiB/vCPU,0,Variable,current,No,No,$2.2838 hourly,$0.4208 hourly,$4.4918 hourly,$2.6288 hourly
N2D Standard 64,n2d-standard-64,256 GiB,64,4 GiB/vCPU,0,Variable,current,No,No,$3.0451 hourly,$0.561 hourly,$5.9891 hourly,$3.505 hourly
N2D Standard 8,n2d-standard-8,32 GiB,8,4 GiB/vCPU,0,Variable,current,No,No,$0.3806 hourly,$0.0701 hourly,$0.7486 hourly,$0.4381 hourly
N2D Standard 80,n2d-standard-80,320 GiB,80,4 GiB/vCPU,0,Variable,current,No,No,$3.8064 hourly,$0.7013 hourly,$7.4864 hourly,$4.3813 hourly
N2D Standard 96,n2d-standard-96,384 GiB,96,4 GiB/vCPU,0,Variable,current,No,No,$4.5677 hourly,$0.8415 hourly,$8.9837 hourly,$5.2575 hourly
N4 High CPU 16,n4-highcpu-16,32 GiB,16,2 GiB/vCPU,0,Variable,current,No,No,$0.6123 hourly,$0.2088 hourly,$1.3483 hourly,$0.9448 hourly
N4 High CPU 2,n4-highcpu-2,4 GiB,2,2 GiB/vCPU,0,Variable,current,No,No,$0.0765 hourly,$0.0261 hourly,$0.1685 hourly,$0.1181 hourly
N4 High CPU 32,n4-highcpu-32,64 GiB,32,2 GiB/vCPU,0,Variable,current,No,No,$1.2246 hourly,$0.4176 hourly,$2.6966 hourly,$1.8896 hourly
N4 High CPU 4,n4-highcpu-4,8 GiB,4,2 GiB/vCPU,0,Variable,current,No,No,$0.1531 hourly,$0.0522 hourly,$0.3371 hourly,$0.2362 hourly
N4 High CPU 48,n4-highcpu-48,96 GiB,48,2 GiB/vCPU,0,Variable,current,No,No,$1.837 hourly,$0.6264 hourly,$4.045 hourly,$2.8344 hourly
N4 High CPU 64,n4-highcpu-64,128 GiB,64,2 GiB/vCPU,0,Variable,current,No,No,$2.4493 hourly,$0.8352 hourly,$5.3933 hourly,$3.7792 hourly
N4 High CPU 8,n4-highcpu-8,16 GiB,8,2 GiB/vCPU,0,Variable,current,No,No,$0.3062 hourly,$0.1044 hourly,$0.6742 hourly,$0.4724 hourly
N4 High CPU 80,n4-highcpu-80,160 GiB,80,2 GiB/vCPU,0,Variable,current,No,No,$3.0616 hourly,$1.044 hourly,$6.7416 hourly,$4.724 hourly
N4 High Memory 16,n4-highmem-16,128 GiB,16,8 GiB/vCPU,0,Variable,current,No,No,$0.9522 hourly,$0.3163 hourly,$1.6882 hourly,$1.0523 hourly
N4 High Memory 2,n4-highmem-2,16 GiB,2,8 GiB/vCPU,0,Variable,current,No,No,$0.119 hourly,$0.0395 hourly,$0.211 hourly,$0.1315 hourly
N4 High Memory 32,n4-highmem-32,256 GiB,32,8 GiB/vCPU,0,Variable,current,No,No,$1.9043 hourly,$0.6326 hourly,$3.3763 hourly,$2.1046 hourly
N4 High Memory 4,n4-highmem-4,32 GiB,4,8 GiB/vCPU,0,Variable,current,No,No,$0.238 hourly,$0.0791 hourly,$0.422 hourly,$0.2631 hourly
N4 High Memory 48,n4-highmem-48,384 GiB,48,8 GiB/vCPU,0,Variable,current,No,No,$2.8565 hourly,$0.949 hourly,$5.0645 hourly,$3.157 hourly
N4 High Memory 64,n4-highmem-64,512 GiB,64,8 GiB/vCPU,0,Variable,current,No,No,$3.8086 hourly,$1.2653 hourly,$6.7526 hourly,$4.2093 hourly
N4 High Memory 8,n4-highmem-8,64 GiB,8,8 GiB/vCPU,0,Variable,current,No,No,$0.4761 hourly,$0.1582 hourly,$0.8441 hourly,$0.5262 hourly
N4 High Memory 80,n4-highmem-80,640 GiB,80,8 GiB/vCPU,0,Variable,current,No,No,$4.7608 hourly,$1.5816 hourly,$8.4408 hourly,$5.2616 hourly
N4 Standard 16,n4-standard-16,64 GiB,16,4 GiB/vCPU,0,Variable,current,No,No,$0.7256 hourly,$0.2446 hourly,$1.4616 hourly,$0.9806 hourly
N4 Standard 2,n4-standard-2,8 GiB,2,4 GiB/vCPU,0,Variable,current,No,No,$0.0907 hourly,$0.0306 hourly,$0.1827 hourly,$0.1226 hourly
N4 Standard 32,n4-standard-32,128 GiB,32,4 GiB/vCPU,0,Variable,current,No,No,$1.4512 hourly,$0.4893 hourly,$2.9232 hourly,$1.9613 hourly
N4 Standard 4,n4-standard-4,16 GiB,4,4 GiB/vCPU,0,Variable,current,No,No,$0.1814 hourly,$0.0612 hourly,$0.3654 hourly,$0.2452 hourly
N4 Standard 48,n4-standard-48,192 GiB,48,4 GiB/vCPU,0,Variable,current,No,No,$2.1768 hourly,$0.7339 hourly,$4.3848 hourly,$2.9419 hourly
N4 Standard 64,n4-standard-64,256 GiB,64,4 GiB/vCPU,0,Variable,current,No,No,$2.9024 hourly,$0.9786 hourly,$5.8464 hourly,$3.9226 hourly
N4 Standard 8,n4-standard-8,32 GiB,8,4 GiB/vCPU,0,Variable,current,No,No,$0.3628 hourly,$0.1223 hourly,$0.7308 hourly,$0.4903 hourly
N4 Standard 80,n4-standard-80,320 GiB,80,4 GiB/vCPU,0,Variable,current,No,No,$3.628 hourly,$1.2232 hourly,$7.308 hourly,$4.9032 hourly
N4D High CPU 16,n4d-highcpu-16,32 GiB,16,2 GiB/vCPU,0,Variable,current,No,No,$0.5717 hourly,$0.2287 hourly,$1.3077 hourly,$0.9647 hourly
N4D High CPU 2,n4d-highcpu-2,4 GiB,2,2 GiB/vCPU,0,Variable,current,No,No,$0.0715 hourly,$0.0286 hourly,$0.1635 hourly,$0.1206 hourly
N4D High CPU 32,n4d-highcpu-32,64 GiB,32,2 GiB/vCPU,0,Variable,current,No,No,$1.1434 hourly,$0.4573 hourly,$2.6154 hourly,$1.9293 hourly
N4D High CPU 4,n4d-highcpu-4,8 GiB,4,2 GiB/vCPU,0,Variable,current,No,No,$0.1429 hourly,$0.0572 hourly,$0.3269 hourly,$0.2412 hourly
N4D High CPU 48,n4d-highcpu-48,96 GiB,48,2 GiB/vCPU,0,Variable,current,No,No,$1.715 hourly,$0.686 hourly,$3.923 hourly,$2.894 hourly
N4D High CPU 64,n4d-highcpu-64,128 GiB,64,2 GiB/vCPU,0,Variable,current,No,No,$2.2867 hourly,$0.9147 hourly,$5.2307 hourly,$3.8587 hourly
N4D High CPU 8,n4d-highcpu-8,16 GiB,8,2 GiB/vCPU,0,Variable,current,No,No,$0.2858 hourly,$0.1143 hourly,$0.6538 hourly,$0.4823 hourly
N4D High CPU 80,n4d-highcpu-80,160 GiB,80,2 GiB/vCPU,0,Variable,current,No,No,$2.8584 hourly,$1.1434 hourly,$6.5384 hourly,$4.8234 hourly
N4D High CPU 96,n4d-highcpu-96,192 GiB,96,2 GiB/vCPU,0,Variable,current,No,No,$3.4301 hourly,$1.372 hourly,$7.8461 hourly,$5.788 hourly
N4D High Memory 16,n4d-highmem-16,128 GiB,16,8 GiB/vCPU,0,Variable,current,No,No,$0.8894 hourly,$0.3558 hourly,$1.6254 hourly,$1.0918 hourly
N4D High Memory 2,n4d-highmem-2,16 GiB,2,8 GiB/vCPU,0,Variable,current,No,No,$0.1112 hourly,$0.0445 hourly,$0.2032 hourly,$0.1365 hourly
N4D High Memory 32,n4d-highmem-32,256 GiB,32,8 GiB/vCPU,0,Variable,current,No,No,$1.7789 hourly,$0.7116 hourly,$3.2509 hourly,$2.1836 hourly
N4D High Memory 4,n4d-highmem-4,32 GiB,4,8 GiB/vCPU,0,Variable,current,No,No,$0.2224 hourly,$0.0889 hourly,$0.4064 hourly,$0.2729 hourly
N4D High Memory 48,n4d-highmem-48,384 GiB,48,8 GiB/vCPU,0,Variable,current,No,No,$2.6683 hourly,$1.0673 hourly,$4.8763 hourly,$3.2753 hourly
N4D High Memory 64,n4d-highmem-64,512 GiB,64,8 GiB/vCPU,0,Variable,current,No,No,$3.5578 hourly,$1.4231 hourly,$6.5018 hourly,$4.3671 hourly
N4D High Memory 8,n4d-highmem-8,64 GiB,8,8 GiB/vCPU,0,Variable,current,No,No,$0.4447 hourly,$0.1779 hourly,$0.8127 hourly,$0.5459 hourly
N4D High Memory 80,n4d-highmem-80,640 GiB,80,8 GiB/vCPU,0,Variable,current,No,No,$4.4472 hourly,$1.7789 hourly,$8.1272 hourly,$5.4589 hourly
N4D High Memory 96,n4d-highmem-96,768 GiB,96,8 GiB/vCPU,0,Variable,current,No,No,$5.3366 hourly,$2.1347 hourly,$9.7526 hourly,$6.5507 hourly
N4D Standard 16,n4d-standard-16,64 GiB,16,4 GiB/vCPU,0,Variable,current,No,No,$0.6776 hourly,$0.271 hourly,$1.4136 hourly,$1.007 hourly
N4D Standard 2,n4d-standard-2,8 GiB,2,4 GiB/vCPU,0,Variable,current,No,No,$0.0847 hourly,$0.0339 hourly,$0.1767 hourly,$0.1259 hourly
N4D Standard 32,n4d-standard-32,128 GiB,32,4 GiB/vCPU,0,Variable,current,No,No,$1.3552 hourly,$0.5421 hourly,$2.8272 hourly,$2.0141 hourly
N4D Standard 4,n4d-standard-4,16 GiB,4,4 GiB/vCPU,0,Variable,current,No,No,$0.1694 hourly,$0.0678 hourly,$0.3534 hourly,$0.2518 hourly
N4D Standard 48,n4d-standard-48,192 GiB,48,4 GiB/vCPU,0,Variable,current,No,No,$2.0328 hourly,$0.8131 hourly,$4.2408 hourly,$3.0211 hourly
N4D Standard 64,n4d-standard-64,256 GiB,64,4 GiB/vCPU,0,Variable,current,No,No,$2.7104 hourly,$1.0842 hourly,$5.6544 hourly,$4.0282 hourly
N4D Standard 8,n4d-standard-8,32 GiB,8,4 GiB/vCPU,0,Variable,current,No,No,$0.3388 hourly,$0.1355 hourly,$0.7068 hourly,$0.5035 hourly
N4D Standard 80,n4d-standard-80,320 GiB,80,4 GiB/vCPU,0,Variable,current,No,No,$3.388 hourly,$1.3552 hourly,$7.068 hourly,$5.0352 hourly
N4D Standard 96,n4d-standard-96,384 GiB,96,4 GiB/vCPU,0,Variable,current,No,No,$4.0656 hourly,$1.6262 hourly,$8.4816 hourly,$6.0422 hourly
T2A Standard 1,t2a-standard-1,4 GiB,1,4 GiB/vCPU,0,Variable,current,No,No,$0.0385 hourly,$0.0106 hourly,$0.0845 hourly,$0.0566 hourly
T2A Standard 16,t2a-standard-16,64 GiB,16,4 GiB/vCPU,0,Variable,current,No,No,$0.616 hourly,$0.1703 hourly,$1.352 hourly,$0.9063 hourly
T2A Standard 2,t2a-standard-2,8 GiB,2,4 GiB/vCPU,0,Variable,current,No,No,$0.077 hourly,$0.0213 hourly,$0.169 hourly,$0.1133 hourly
T2A Standard 32,t2a-standard-32,128 GiB,32,4 GiB/vCPU,0,Variable,current,No,No,$1.232 hourly,$0.3407 hourly,$2.704 hourly,$1.8127 hourly
T2A Standard 4,t2a-standard-4,16 GiB,4,4 GiB/vCPU,0,Variable,current,No,No,$0.154 hourly,$0.0426 hourly,$0.338 hourly,$0.2266 hourly
T2A Standard 48,t2a-standard-48,192 GiB,48,4 GiB/vCPU,0,Variable,current,No,No,$1.848 hourly,$0.511 hourly,$4.056 hourly,$2.719 hourly
T2A Standard 8,t2a-standard-8,32 GiB,8,4 GiB/vCPU,0,Variable,current,No,No,$0.308 hourly,$0.0852 hourly,$0.676 hourly,$0.4532 hourly
T2D Standard 1,t2d-standard-1,4 GiB,1,4 GiB/vCPU,0,Variable,current,No,No,$0.0476 hourly,$0.0093 hourly,$0.0936 hourly,$0.0553 hourly
T2D Standard 16,t2d-standard-16,64 GiB,16,4 GiB/vCPU,0,Variable,current,No,No,$0.7613 hourly,$0.1483 hourly,$1.4973 hourly,$0.8843 hourly
T2D Standard 2,t2d-standard-2,8 GiB,2,4 GiB/vCPU,0,Variable,current,No,No,$0.0952 hourly,$0.0185 hourly,$0.1872 hourly,$0.1105 hourly
T2D Standard 32,t2d-standard-32,128 GiB,32,4 GiB/vCPU,0,Variable,current,No,No,$1.5226 hourly,$0.2966 hourly,$2.9946 hourly,$1.7686 hourly
T2D Standard 4,t2d-standard-4,16 GiB,4,4 GiB/vCPU,0,Variable,current,No,No,$0.1903 hourly,$0.0371 hourly,$0.3743 hourly,$0.2211 hourly
T2D Standard 48,t2d-standard-48,192 GiB,48,4 GiB/vCPU,0,Variable,current,No,No,$2.2838 hourly,$0.445 hourly,$4.4918 hourly,$2.653 hourly
T2D Standard 60,t2d-standard-60,240 GiB,60,4 GiB/vCPU,0,Variable,current,No,No,$2.8548 hourly,$0.5562 hourly,$5.6148 hourly,$3.3162 hourly
T2D Standard 8,t2d-standard-8,32 GiB,8,4 GiB/vCPU,0,Variable,current,No,No,$0.3806 hourly,$0.0742 hourly,$0.7486 hourly,$0.4422 hourly
Z3 High Memory 14 standardlssd,z3-highmem-14-standardlssd,112 GiB,14,8 GiB/vCPU,0,Variable,current,No,No,$1.4405 hourly,$0.2498 hourly,$2.0845 hourly,$0.8938 hourly
Z3 High Memory 16 highlssd,z3-highmem-16-highlssd,128 GiB,16,8 GiB/vCPU,0,Variable,current,No,No,$1.6463 hourly,$0.2855 hourly,$2.3823 hourly,$1.0215 hourly
Z3 High Memory 176,z3-highmem-176,1408 GiB,176,8 GiB/vCPU,0,Variable,current,No,No,$18.1096 hourly,$3.1405 hourly,$26.2056 hourly,$11.2365 hourly
Z3 High Memory 176 standardlssd,z3-highmem-176-standardlssd,1408 GiB,176,8 GiB/vCPU,0,Variable,current,No,No,$18.1096 hourly,$3.1405 hourly,$26.2056 hourly,$11.2365 hourly
Z3 High Memory 192 highlssd metal,z3-highmem-192-highlssd-metal,1536 GiB,192,8 GiB/vCPU,0,Variable,current,No,No,$19.7559 hourly,$3.426 hourly,$28.5879 hourly,$12.258 hourly
Z3 High Memory 22 highlssd,z3-highmem-22-highlssd,176 GiB,22,8 GiB/vCPU,0,Variable,current,No,No,$2.2637 hourly,$0.3926 hourly,$3.2757 hourly,$1.4046 hourly
Z3 High Memory 22 standardlssd,z3-highmem-22-standardlssd,176 GiB,22,8 GiB/vCPU,0,Variable,current,No,No,$2.2637 hourly,$0.3926 hourly,$3.2757 hourly,$1.4046 hourly
Z3 High Memory 32 highlssd,z3-highmem-32-highlssd,256 GiB,32,8 GiB/vCPU,0,Variable,current,No,No,$3.2927 hourly,$0.571 hourly,$4.7647 hourly,$2.043 hourly
Z3 High Memory 44 highlssd,z3-highmem-44-highlssd,352 GiB,44,8 GiB/vCPU,0,Variable,current,No,No,$4.5274 hourly,$0.7851 hourly,$6.5514 hourly,$2.8091 hourly
Z3 High Memory 44 standardlssd,z3-highmem-44-standardlssd,352 GiB,44,8 GiB/vCPU,0,Variable,current,No,No,$4.5274 hourly,$0.7851 hourly,$6.5514 hourly,$2.8091 hourly
Z3 High Memory 8 highlssd,z3-highmem-8-highlssd,64 GiB,8,8 GiB/vCPU,0,Variable,current,No,No,$0.8232 hourly,$0.1428 hourly,$1.1912 hourly,$0.5108 hourly
Z3 High Memory 88,z3-highmem-88,704 GiB,88,8 GiB/vCPU,0,Variable,current,No,No,$9.0548 hourly,$1.5703 hourly,$13.1028 hourly,$5.6183 hourly
Z3 High Memory 88 highlssd,z3-highmem-88-highlssd,704 GiB,88,8 GiB/vCPU,0,Variable,current,No,No,$9.0548 hourly,$1.5703 hourly,$13.1028 hourly,$5.6183 hourly
Z3 High Memory 88 standardlssd,z3-highmem-88-standardlssd,704 GiB,88,8 GiB/vCPU,0,Variable,current,No,No,$9.0548 hourly,$1.5703 hourly,$13.1028 hourly,$5.6183 hourly