Name,API Name,Instance Family,gpu_model_raw,gpu_group,gpu_count,gpu_tdp_w_per_gpu,gpu_power_w_per_gpu,total_gpu_power_w,cpu_model_raw,cpu_group,vcpu_count,cpu_tdp_w_per_package,cpu_threads_per_package,cpu_tdp_w_per_vcpu,cpu_power_w_per_vcpu,total_cpu_power_w,total_power_w,total_power_mw,price_usd_per_hour,voll_usd_per_mwh,gpu_status,cpu_status,CoreMark Score,Compute Family,FFmpeg FPS,Instance Memory,Memory Speed,Uses NUMA Architecture,NUMA Node Count,Max NUMA Distance,Cores per NUMA Node (Avg),Threads per NUMA Node (Avg),Memory per NUMA Node (Avg MB),L3 Cache per NUMA Node (Avg MB),L3 Cache Shared,Compute Units (ECU),vCPUs,GiB of Memory per vCPU,GPUs,GPU model,GPU memory,CUDA Compute Capability,FPGAs,ECU per vCPU,Physical Processor,Clock Speed(GHz),Intel AVX,Intel AVX2,Intel AVX-512,Intel Turbo,Instance Storage,Instance Storage: already warmed-up,Instance Storage: SSD TRIM Support,Arch,Network Performance,EBS Optimized: Baseline Bandwidth,EBS Optimized: Baseline Throughput (128K),EBS Optimized: Baseline IOPS (16K),EBS Optimized: Max Bandwidth,EBS Optimized: Max Throughput (128K),EBS Optimized: Max IOPS (16K),EBS Exposed as NVMe,Max IPs,Max ENIs,Enhanced Networking,Bare metal,Trunking compatible,Branch interface,VPC Only,IPv6 Support,Placement Group Support,Linux Virtualization,On EMR,Availability Zones,On Demand,Linux Reserved cost,Linux Spot Minimum cost,Linux Spot Average cost,RHEL On Demand cost,RHEL Reserved cost,RHEL Spot Minimum cost,RHEL Spot Maximum cost,RHEL with HA On Demand cost,RHEL with HA Reserved cost,RHEL with HA Spot Minimum cost,RHEL with HA Spot Maximum cost,SLES On Demand cost,SLES Reserved cost,SLES Spot Minimum cost,SLES Spot Maximum cost,Windows On Demand cost,Windows Reserved cost,Windows Spot Minimum cost,Windows Spot Average cost,Dedicated Host On Demand,Dedicated Host Reserved,Windows SQL Web On Demand cost,Windows SQL Web Reserved cost,Windows SQL Std On Demand cost,Windows SQL Std Reserved cost,Windows SQL Ent On Demand cost,Windows SQL Ent Reserved cost,Linux SQL Web On Demand cost,Linux SQL Web Reserved cost,Linux SQL Std On Demand cost,Linux SQL Std Reserved cost,Linux SQL Ent On Demand cost,Linux SQL Ent Reserved cost,Linux Spot Interrupt Frequency,EMR cost,Generation,GPU Architectures,GPU Temp (Avg °C),FFmpeg Used CUDA,FFmpeg Speed,GPU Power Draw (Avg Watts),GPU Power Limit (Watts),GPU Graphics Clock (Avg MHz),GPU SM Clock (Avg MHz),GPU Memory Clock (Avg MHz),GPU Video Clock (Avg MHz),On Demand (Vantage),On Demand Numeric,On Demand Filled
DL2Q 24xlarge,dl2q.24xlarge,dl2q,Qualcomm AI 100 Accelerators,Qualcomm AI 100 Accelerators,8.0,,,,Intel Xeon Platinum 8259 (Cascade Lake),Intel Xeon Platinum 8259,96.0,,,,,,0.0,0.0,11.5952,,review_required,review_required,"1,295,313.484",Machine Learning ASIC Instances,179.0 fps,768 GiB,2933 MT/s,Yes,2.0,21.0,24.0,48.0,382935 MB,35.0 MB,Yes,0 units,96 vCPUs,8.00 GiB/vCPU,8.0,Qualcomm AI 100 Accelerators,128 GiB,0.0,0,0.0000 units,Intel Xeon Platinum 8259 (Cascade Lake),2.5 GHz,Yes,Yes,Yes,Yes,EBS only,,,x86_64,100 Gigabit,19000 Mbps,2375 MB/s,80000 IOPS,19000 Mbps,2375 MB/s,80000 IOPS,Yes,750.0,15.0,Yes,No,Yes,107.0,Yes,Yes,Yes,Unknown,No,,,,,,,,,,,,,,,,,,,,,,,,,,,,,,,,,,,,,,current,,,No,5.97x,,,,,,,11.5952,,11.5952
G2 Double Extra Large,g2.2xlarge,g2,NVIDIA GRID K520,NVIDIA GRID K520,1.0,,,,Intel Xeon E5-2670 (Sandy Bridge),Intel Xeon E5-2670,8.0,,,,,,0.0,0.0,0.65,,review_required,review_required,,GPU instance,,15 GiB,,,,,,,,,,26 units,8 vCPUs,1.88 GiB/vCPU,1.0,NVIDIA GRID K520,4 GiB,3.0,0,3.2500 units,Intel Xeon E5-2670 (Sandy Bridge),2.6 GHz,Yes,,,Yes,EBS only,,,x86_64,Moderate,,,,,,,No,,,No,,,,No,No,Yes,Unknown,No,,$0.65 hourly,,,,$0.765 hourly,,,,,,,,$0.75 hourly,,,,$0.767 hourly,,,,$2.86 hourly,,$0.957 hourly,,$3.816 hourly,,,,$0.785 hourly,,$1.61 hourly,,,,,,previous,,,,,,,,,,,,0.65,0.65
G2 Eight Extra Large,g2.8xlarge,g2,NVIDIA GRID K520,NVIDIA GRID K520,4.0,,,,Intel Xeon E5-2670 (Sandy Bridge),Intel Xeon E5-2670,32.0,,,,,,0.0,0.0,2.6,,review_required,review_required,,GPU instance,,60 GiB,,,,,,,,,,104 units,32 vCPUs,1.88 GiB/vCPU,4.0,NVIDIA GRID K520,16 GiB,3.0,0,3.2500 units,Intel Xeon E5-2670 (Sandy Bridge),2.6 GHz,Yes,,,Yes,EBS only,,,x86_64,High,,,,,,,No,,,No,,,,No,No,Yes,Unknown,No,,$2.60 hourly,,,,$2.946 hourly,,,,,,,,$2.70 hourly,,,,$2.878 hourly,,,,$2.86 hourly,,,,,,$16.072 hourly,,,,,,$14.60 hourly,,,,previous,,,,,,,,,,,,2.6,2.6
G3 Graphics GPU 16xlarge Extra Large,g3.16xlarge,g3,NVIDIA Tesla M60,NVIDIA Tesla M60,4.0,300.0,270.0,1080.0,Intel Xeon E5-2686 v4 (Broadwell),Intel Xeon E5-2686 v4,64.0,,,,,,1080.0,0.00108,4.56,4222.222222222222,official,review_required,,GPU instance,,488 GiB,,,,,,,,,,201 units,64 vCPUs,7.63 GiB/vCPU,4.0,NVIDIA Tesla M60,32 GiB,5.2,0,3.1406 units,Intel Xeon E5-2686 v4 (Broadwell),2.3 GHz,Yes,Yes,,Yes,EBS only,,,x86_64,20 Gigabit,,,,,,,No,,,Yes,,,,Yes,Yes,Yes,Unknown,Yes,,$4.56 hourly,,,,$5.2512 hourly,,,,$6.1472 hourly,,,,$4.66 hourly,,,,$7.504 hourly,,,,$5.016 hourly,,,,,,,,,,,,,,,$0.27 hourly,current,,,,,,,,,,,,4.56,4.56
G3 Graphics GPU Quadruple Extra Large,g3.4xlarge,g3,NVIDIA Tesla M60,NVIDIA Tesla M60,1.0,300.0,270.0,270.0,Intel Xeon E5-2686 v4 (Broadwell),Intel Xeon E5-2686 v4,16.0,,,,,,270.0,0.00027,1.14,4222.222222222222,official,review_required,,GPU instance,,122 GiB,,,,,,,,,,58 units,16 vCPUs,7.63 GiB/vCPU,1.0,NVIDIA Tesla M60,8 GiB,5.2,0,3.6250 units,Intel Xeon E5-2686 v4 (Broadwell),2.3 GHz,Yes,Yes,,Yes,EBS only,,,x86_64,Up to 10 Gigabit,,,,,,,No,,,Yes,,,,Yes,Yes,Yes,Unknown,Yes,,$1.14 hourly,,,,$1.3128 hourly,,,,$1.5368 hourly,,,,$1.24 hourly,,,,$1.876 hourly,,,,$5.016 hourly,,,,,,,,,,,,,,,$0.27 hourly,current,,,,,,,,,,,,1.14,1.14
G3 Graphics GPU Eight Extra Large,g3.8xlarge,g3,NVIDIA Tesla M60,NVIDIA Tesla M60,2.0,300.0,270.0,540.0,Intel Xeon E5-2686 v4 (Broadwell),Intel Xeon E5-2686 v4,32.0,,,,,,540.0,0.00054,2.28,4222.222222222222,official,review_required,,GPU instance,,244 GiB,,,,,,,,,,97 units,32 vCPUs,7.63 GiB/vCPU,2.0,NVIDIA Tesla M60,16 GiB,5.2,0,3.0313 units,Intel Xeon E5-2686 v4 (Broadwell),2.3 GHz,Yes,Yes,,Yes,EBS only,,,x86_64,10 Gigabit,,,,,,,No,,,Yes,,,,Yes,Yes,Yes,Unknown,Yes,,$2.28 hourly,,,,$2.6256 hourly,,,,$3.0736 hourly,,,,$2.38 hourly,,,,$3.752 hourly,,,,$5.016 hourly,,,,,,,,,,,,,,,$0.27 hourly,current,,,,,,,,,,,,2.28,2.28
G3S Extra Large,g3s.xlarge,g3s,NVIDIA Tesla M60,NVIDIA Tesla M60,1.0,300.0,270.0,270.0,Intel Xeon E5-2686 v4 (Broadwell),Intel Xeon E5-2686 v4,4.0,,,,,,270.0,0.00027,0.75,2777.777777777778,official,review_required,,GPU instance,,30.5 GiB,,,,,,,,,,13 units,4 vCPUs,7.63 GiB/vCPU,1.0,NVIDIA Tesla M60,8 GiB,5.2,0,3.2500 units,Intel Xeon E5-2686 v4 (Broadwell),2.3 GHz,,,,,EBS only,,,x86_64,10 Gigabit,,,,,,,No,,,Yes,,,,Yes,Yes,Yes,Unknown,Yes,,$0.75 hourly,,,,$0.808 hourly,,,,$0.878 hourly,,,,$0.806 hourly,,,,$0.934 hourly,,,,$5.016 hourly,,,,,,,,,,,,,,,$0.188 hourly,current,,,,,,,,,,,,0.75,0.75
G4AD 16xlarge Extra Large,g4ad.16xlarge,g4ad,AMD Radeon Pro V520,AMD Radeon Pro V520,4.0,,,,AMD EPYC 7R32,AMD EPYC 7R32,64.0,,,,,,0.0,0.0,3.468,,review_required,review_required,"1,251,099.599",GPU instance,175.0 fps,256 GiB,2933 MT/s,No,,,,,,,,0 units,64 vCPUs,4.00 GiB/vCPU,4.0,AMD Radeon Pro V520,32 GiB,0.0,0,0.0000 units,AMD EPYC 7R32,2.8 GHz,,,,,2400 GB (2×1200 GB NVMe SSD),Yes,Yes,x86_64,25 Gigabit,6300 Mbps,787.5 MB/s,26667 IOPS,6300 Mbps,787.5 MB/s,26667 IOPS,Yes,240.0,8.0,Yes,No,Yes,6.0,Yes,Yes,Yes,Unknown,No,,$3.468 hourly,$2.1848 hourly,$2.0287 hourly,$2.1222 hourly,$4.1592 hourly,$2.876 hourly,$2.7199 hourly,$2.8971 hourly,$5.0552 hourly,$3.772 hourly,,,$3.593 hourly,$2.2448 hourly,$2.1537 hourly,$2.3309 hourly,$6.412 hourly,$5.1288 hourly,$3.2908 hourly,$3.2908 hourly,$11.444 hourly,$7.21 hourly,,,,,,,,,,,,,<5%,,current,,,No,5.84x,,,,,,,,3.468,3.468
G4AD Double Extra Large,g4ad.2xlarge,g4ad,AMD Radeon Pro V520,AMD Radeon Pro V520,1.0,,,,AMD EPYC 7R32,AMD EPYC 7R32,8.0,,,,,,0.0,0.0,0.5412,,review_required,review_required,"149,300.156",GPU instance,53.0 fps,32 GiB,2933 MT/s,No,,,,,,,,0 units,8 vCPUs,4.00 GiB/vCPU,1.0,AMD Radeon Pro V520,8 GiB,0.0,0,0.0000 units,AMD EPYC 7R32,2.8 GHz,,,,,300 GB NVMe SSD,Yes,Yes,x86_64,Up to 10 Gigabit,800 Mbps,100 MB/s,3400 IOPS,3170 Mbps,396.25 MB/s,13333 IOPS,Yes,8.0,2.0,Yes,No,Yes,12.0,Yes,Yes,Yes,Unknown,No,,$0.5412 hourly,$0.3409 hourly,$0.1969 hourly,$0.279 hourly,$0.6564 hourly,$0.4561 hourly,$0.3121 hourly,$0.4527 hourly,$0.7964 hourly,$0.5961 hourly,,,$0.6662 hourly,$0.4009 hourly,$0.3219 hourly,$0.4625 hourly,$0.9092 hourly,$0.7089 hourly,$0.513 hourly,$0.5303 hourly,$11.444 hourly,$7.21 hourly,,,,,,,,,,,,,<5%,,current,,,No,1.78x,,,,,,,,0.5412,0.5412
G4AD Quadruple Extra Large,g4ad.4xlarge,g4ad,AMD Radeon Pro V520,AMD Radeon Pro V520,1.0,,,,AMD EPYC 7R32,AMD EPYC 7R32,16.0,,,,,,0.0,0.0,0.867,,review_required,review_required,"301,744.46",GPU instance,100.0 fps,64 GiB,3200 MT/s,No,,,,,,,,0 units,16 vCPUs,4.00 GiB/vCPU,1.0,AMD Radeon Pro V520,8 GiB,0.0,0,0.0000 units,AMD EPYC 7R32,2.8 GHz,,,,,600 GB NVMe SSD,Yes,Yes,x86_64,Up to 10 Gigabit,1580 Mbps,197.5 MB/s,6700 IOPS,3170 Mbps,396.25 MB/s,13333 IOPS,Yes,30.0,3.0,Yes,No,Yes,11.0,Yes,Yes,Yes,Unknown,No,,$0.867 hourly,$0.5462 hourly,$0.3575 hourly,$0.3697 hourly,$1.0398 hourly,$0.719 hourly,$0.5303 hourly,$0.5531 hourly,$1.2638 hourly,$0.943 hourly,,,$0.992 hourly,$0.6062 hourly,$0.4825 hourly,$0.5053 hourly,$1.603 hourly,$1.2822 hourly,$0.839 hourly,$0.8453 hourly,$11.444 hourly,$7.21 hourly,,,,,,,,,,,,,<5%,,current,,,No,3.33x,,,,,,,,0.867,0.867
G4AD Eight Extra Large,g4ad.8xlarge,g4ad,AMD Radeon Pro V520,AMD Radeon Pro V520,2.0,,,,AMD EPYC 7R32,AMD EPYC 7R32,32.0,,,,,,0.0,0.0,1.734,,review_required,review_required,"609,911.055",GPU instance,151.0 fps,128 GiB,2933 MT/s,No,,,,,,,,0 units,32 vCPUs,4.00 GiB/vCPU,2.0,AMD Radeon Pro V520,16 GiB,0.0,0,0.0000 units,AMD EPYC 7R32,2.8 GHz,,,,,1200 GB NVMe SSD,Yes,Yes,x86_64,15 Gigabit,3170 Mbps,396.25 MB/s,13333 IOPS,3170 Mbps,396.25 MB/s,13333 IOPS,Yes,60.0,4.0,Yes,No,Yes,10.0,Yes,Yes,Yes,Unknown,No,,$1.734 hourly,$1.0924 hourly,$0.6319 hourly,$0.6656 hourly,$2.0796 hourly,$1.438 hourly,$0.9775 hourly,$1.0547 hourly,$2.5276 hourly,$1.886 hourly,,,$1.859 hourly,$1.1524 hourly,$0.7569 hourly,$0.8341 hourly,$3.206 hourly,$2.5644 hourly,$1.6454 hourly,$1.6454 hourly,$11.444 hourly,$7.21 hourly,,,,,,,,,,,,,<5%,,current,,,No,5.04x,,,,,,,,1.734,1.734
G4AD Extra Large,g4ad.xlarge,g4ad,AMD Radeon Pro V520,AMD Radeon Pro V520,1.0,,,,AMD EPYC 7R32,AMD EPYC 7R32,4.0,,,,,,0.0,0.0,0.3785,,review_required,review_required,"74,710.497",GPU instance,28.0 fps,16 GiB,2933 MT/s,No,,,,,,,,0 units,4 vCPUs,4.00 GiB/vCPU,1.0,AMD Radeon Pro V520,8 GiB,0.0,0,0.0000 units,AMD EPYC 7R32,2.8 GHz,,,,,150 GB NVMe SSD,Yes,Yes,x86_64,Up to 10 Gigabit,400 Mbps,50 MB/s,1700 IOPS,3170 Mbps,396.25 MB/s,13333 IOPS,Yes,8.0,2.0,Yes,No,Yes,12.0,Yes,Yes,Yes,Unknown,No,,$0.3785 hourly,$0.2385 hourly,$0.112 hourly,$0.1157 hourly,$0.4361 hourly,$0.2961 hourly,$0.1696 hourly,$0.1824 hourly,$0.5061 hourly,$0.3661 hourly,,,$0.4348 hourly,$0.2885 hourly,$0.1683 hourly,$0.1811 hourly,$0.5625 hourly,$0.4225 hourly,$0.2219 hourly,$0.2257 hourly,$11.444 hourly,$7.21 hourly,,,,,,,,,,,,,<5%,,current,,,No,0.92x,,,,,,,,0.3785,0.3785
G4DN 12xlarge Extra Large,g4dn.12xlarge,g4dn,NVIDIA T4 Tensor Core,NVIDIA T4,4.0,70.0,63.0,252.0,Intel Xeon Family,Intel Xeon Family,48.0,,,,,,252.0,0.000252,3.912,15523.809523809523,official,review_required,"715,776.916",GPU instance,110.0 fps,192 GiB,3200 MT/s,No,,,,,,,,0 units,48 vCPUs,4.00 GiB/vCPU,4.0,NVIDIA T4 Tensor Core,64 GiB,7.5,0,0.0000 units,Intel Xeon Family,2.5 GHz,Yes,Yes,Yes,Yes,900 GB NVMe SSD,Yes,Yes,x86_64,50 Gigabit,9500 Mbps,1187.5 MB/s,40000 IOPS,9500 Mbps,1187.5 MB/s,40000 IOPS,Yes,240.0,8.0,Yes,No,Yes,54.0,Yes,Yes,Yes,Unknown,Yes,,$3.912 hourly,$2.465 hourly,$1.1351 hourly,$1.2979 hourly,$4.43 hourly,$2.983 hourly,$1.6531 hourly,$2.0969 hourly,$5.102 hourly,$3.655 hourly,,,$4.037 hourly,$2.525 hourly,$1.2601 hourly,$1.7039 hourly,$6.12 hourly,$4.673 hourly,$2.5992 hourly,$2.6095 hourly,$8.606 hourly,$5.422 hourly,,,,,,,,,,,,,>20%,$0.27 hourly,current,"Turing, Turing, Turing, Turing",32.8°C,Yes,3.66x,0.0W,0.0W,585 MHz,585 MHz,5000 MHz,833 MHz,,3.912,3.912
G4DN 16xlarge Extra Large,g4dn.16xlarge,g4dn,NVIDIA T4 Tensor Core,NVIDIA T4,1.0,70.0,63.0,63.0,Intel Xeon Family,Intel Xeon Family,64.0,,,,,,63.0,6.3e-05,4.352,69079.36507936509,official,review_required,"914,808.462",GPU instance,105.0 fps,256 GiB,2933 MT/s,Yes,2.0,21.0,16.0,32.0,127577 MB,35.0 MB,Yes,0 units,64 vCPUs,4.00 GiB/vCPU,1.0,NVIDIA T4 Tensor Core,16 GiB,7.5,0,0.0000 units,Intel Xeon Family,2.5 GHz,Yes,Yes,Yes,Yes,900 GB NVMe SSD,Yes,Yes,x86_64,50 Gigabit,9500 Mbps,1187.5 MB/s,40000 IOPS,9500 Mbps,1187.5 MB/s,40000 IOPS,Yes,60.0,4.0,Yes,No,Yes,118.0,Yes,Yes,Yes,Unknown,Yes,,$4.352 hourly,$2.742 hourly,$1.0773 hourly,$1.2165 hourly,$5.043 hourly,$3.433 hourly,$1.7683 hourly,$2.0621 hourly,$5.939 hourly,$4.329 hourly,,,$4.477 hourly,$2.802 hourly,$1.2023 hourly,$1.4961 hourly,$7.296 hourly,$5.686 hourly,$3.3792 hourly,$3.4031 hourly,$8.606 hourly,$5.422 hourly,,,,,,,,,,,,,>20%,$0.27 hourly,current,Turing,34.0°C,Yes,3.51x,0.0W,0.0W,585 MHz,585 MHz,5000 MHz,825 MHz,,4.352,4.352
G4DN Double Extra Large,g4dn.2xlarge,g4dn,NVIDIA T4 Tensor Core,NVIDIA T4,1.0,70.0,63.0,63.0,Intel Xeon Family,Intel Xeon Family,8.0,,,,,,63.0,6.3e-05,0.752,11936.507936507936,official,review_required,"116,228.389",GPU instance,105.0 fps,32 GiB,2666 MT/s,No,,,,,,,,0 units,8 vCPUs,4.00 GiB/vCPU,1.0,NVIDIA T4 Tensor Core,16 GiB,7.5,0,0.0000 units,Intel Xeon Family,2.5 GHz,Yes,Yes,Yes,Yes,225 GB NVMe SSD,Yes,Yes,x86_64,Up to 25 Gigabit,1150 Mbps,143.75 MB/s,6000 IOPS,3500 Mbps,437.5 MB/s,20000 IOPS,Yes,30.0,3.0,Yes,No,Yes,39.0,Yes,Yes,Yes,Unknown,Yes,,$0.752 hourly,$0.474 hourly,$0.2466 hourly,$0.2857 hourly,$0.867 hourly,$0.589 hourly,$0.3616 hourly,$0.4456 hourly,$1.007 hourly,$0.729 hourly,,,$0.877 hourly,$0.534 hourly,$0.3716 hourly,$0.4556 hourly,$1.12 hourly,$0.842 hourly,$0.4598 hourly,$0.4637 hourly,$8.606 hourly,$5.422 hourly,,,,,,,,,,,,,>20%,$0.188 hourly,current,Turing,39.0°C,Yes,3.49x,0.0W,0.0W,585 MHz,585 MHz,5000 MHz,810 MHz,,0.752,0.752
G4DN Quadruple Extra Large,g4dn.4xlarge,g4dn,NVIDIA T4 Tensor Core,NVIDIA T4,1.0,70.0,63.0,63.0,Intel Xeon Family,Intel Xeon Family,16.0,,,,,,63.0,6.3e-05,1.204,19111.11111111111,official,review_required,"230,991.338",GPU instance,106.0 fps,64 GiB,3200 MT/s,No,,,,,,,,0 units,16 vCPUs,4.00 GiB/vCPU,1.0,NVIDIA T4 Tensor Core,16 GiB,7.5,0,0.0000 units,Intel Xeon Family,2.5 GHz,Yes,Yes,Yes,Yes,225 GB NVMe SSD,Yes,Yes,x86_64,Up to 25 Gigabit,4750 Mbps,593.75 MB/s,20000 IOPS,4750 Mbps,593.75 MB/s,20000 IOPS,Yes,30.0,3.0,Yes,No,Yes,59.0,Yes,Yes,Yes,Unknown,Yes,,$1.204 hourly,$0.759 hourly,$0.3858 hourly,$0.4073 hourly,$1.377 hourly,$0.931 hourly,$0.5588 hourly,$0.6155 hourly,$1.601 hourly,$1.155 hourly,,,$1.329 hourly,$0.819 hourly,$0.5108 hourly,$0.5675 hourly,$1.94 hourly,$1.495 hourly,$0.872 hourly,$0.8733 hourly,$8.606 hourly,$5.422 hourly,,,,,,,,,,,,,>20%,$0.27 hourly,current,Turing,30.0°C,Yes,3.52x,0.0W,0.0W,585 MHz,585 MHz,5000 MHz,855 MHz,,1.204,1.204
G4DN Eight Extra Large,g4dn.8xlarge,g4dn,NVIDIA T4 Tensor Core,NVIDIA T4,1.0,70.0,63.0,63.0,Intel Xeon Family,Intel Xeon Family,32.0,,,,,,63.0,6.3e-05,2.176,34539.682539682544,official,review_required,"458,343.28",GPU instance,105.0 fps,128 GiB,2933 MT/s,No,,,,,,,,0 units,32 vCPUs,4.00 GiB/vCPU,1.0,NVIDIA T4 Tensor Core,16 GiB,7.5,0,0.0000 units,Intel Xeon Family,2.5 GHz,Yes,Yes,Yes,Yes,900 GB NVMe SSD,Yes,Yes,x86_64,50 Gigabit,9500 Mbps,1187.5 MB/s,40000 IOPS,9500 Mbps,1187.5 MB/s,40000 IOPS,Yes,60.0,4.0,Yes,No,Yes,58.0,Yes,Yes,Yes,Unknown,Yes,,$2.176 hourly,$1.371 hourly,$0.589 hourly,$0.6714 hourly,$2.522 hourly,$1.716 hourly,$0.935 hourly,$1.1263 hourly,$2.97 hourly,$2.164 hourly,,,$2.301 hourly,$1.431 hourly,$0.714 hourly,$0.9053 hourly,$3.648 hourly,$2.843 hourly,$1.6896 hourly,$1.7082 hourly,$8.606 hourly,$5.422 hourly,,,,,,,,,,,,,>20%,$0.27 hourly,current,Turing,31.0°C,Yes,3.50x,0.0W,0.0W,585 MHz,585 MHz,5000 MHz,825 MHz,,2.176,2.176
G4DN Metal,g4dn.metal,g4dn,NVIDIA T4 Tensor Core,NVIDIA T4,8.0,70.0,63.0,504.0,Intel Xeon Family,Intel Xeon Family,96.0,,,,,,504.0,0.000504,7.824,15523.809523809523,official,review_required,"1,287,380.984",GPU instance,103.0 fps,384 GiB,3200 MT/s,Yes,2.0,21.0,24.0,48.0,193284 MB,35.0 MB,Yes,0 units,96 vCPUs,4.00 GiB/vCPU,8.0,NVIDIA T4 Tensor Core,128 GiB,7.5,0,0.0000 units,Intel Xeon Family,2.5 GHz,Yes,Yes,Yes,Yes,1800 GB (2×900 GB NVMe SSD),Yes,Yes,x86_64,100 Gigabit,19000 Mbps,2375 MB/s,80000 IOPS,19000 Mbps,2375 MB/s,80000 IOPS,Yes,750.0,15.0,Yes,Yes,Yes,107.0,Yes,Yes,Yes,Unknown,No,,$7.824 hourly,$4.929 hourly,$2.5732 hourly,$3.2049 hourly,$8.861 hourly,$5.966 hourly,$3.6102 hourly,$5.4375 hourly,$10.205 hourly,$7.31 hourly,,,$7.949 hourly,$4.989 hourly,$2.6982 hourly,$4.5255 hourly,$12.24 hourly,$9.345 hourly,$5.1984 hourly,$5.1984 hourly,$8.606 hourly,$5.422 hourly,,,,,,,,,,,,,>20%,,current,"Turing, Turing, Turing, Turing, Turing, Turing, Turing, Turing",29.1°C,Yes,3.44x,0.0W,0.0W,514 MHz,514 MHz,3851 MHz,758 MHz,,7.824,7.824
G4DN Extra Large,g4dn.xlarge,g4dn,NVIDIA T4 Tensor Core,NVIDIA T4,1.0,70.0,63.0,63.0,Intel Xeon Family,Intel Xeon Family,4.0,,,,,,63.0,6.3e-05,0.526,8349.20634920635,official,review_required,"55,463.117",GPU instance,105.0 fps,16 GiB,3200 MT/s,No,,,,,,,,0 units,4 vCPUs,4.00 GiB/vCPU,1.0,NVIDIA T4 Tensor Core,16 GiB,7.5,0,0.0000 units,Intel Xeon Family,2.5 GHz,Yes,Yes,Yes,Yes,125 GB NVMe SSD,Yes,Yes,x86_64,Up to 25 Gigabit,950 Mbps,118.75 MB/s,3000 IOPS,3500 Mbps,437.5 MB/s,20000 IOPS,Yes,30.0,3.0,Yes,No,Yes,39.0,Yes,Yes,Yes,Unknown,Yes,,$0.526 hourly,$0.331 hourly,$0.2112 hourly,$0.2135 hourly,$0.584 hourly,$0.389 hourly,$0.2692 hourly,$0.2734 hourly,$0.654 hourly,$0.459 hourly,,,$0.582 hourly,$0.381 hourly,$0.2672 hourly,$0.2714 hourly,$0.71 hourly,$0.515 hourly,$0.2435 hourly,$0.2437 hourly,$8.606 hourly,$5.422 hourly,,,,,,,,,,,,,10-15%,$0.132 hourly,current,Turing,31.0°C,Yes,3.48x,0.0W,0.0W,585 MHz,585 MHz,5000 MHz,825 MHz,,0.526,0.526
G5 Graphics and Machine Learning GPU 12xlarge Extra Large,g5.12xlarge,g5,NVIDIA A10G,NVIDIA A10G,4.0,300.0,270.0,1080.0,AMD EPYC 7R32,AMD EPYC 7R32,48.0,,,,,,1080.0,0.00108,5.672,5251.851851851851,official,review_required,"895,146.627",GPU instance,109.0 fps,192 GiB,3200 MT/s,No,,,,,,,,0 units,48 vCPUs,4.00 GiB/vCPU,4.0,NVIDIA A10G,96 GiB,8.6,0,0.0000 units,AMD EPYC 7R32,2.8 GHz,,,,,3800 GB NVMe SSD,Yes,Yes,x86_64,40 Gigabit,16000 Mbps,2000 MB/s,65000 IOPS,16000 Mbps,2000 MB/s,65000 IOPS,Yes,750.0,15.0,Yes,No,Yes,107.0,Yes,Yes,Yes,Unknown,Yes,,$5.672 hourly,$3.5734 hourly,$2.1194 hourly,$2.4964 hourly,$6.1904 hourly,$4.0918 hourly,$2.6378 hourly,$3.3879 hourly,$6.8624 hourly,$4.7638 hourly,,,$5.797 hourly,$3.6334 hourly,$2.2444 hourly,$2.9945 hourly,$7.88 hourly,$3.5734 hourly,$2.7752 hourly,$3.074 hourly,$17.917 hourly,$11.288 hourly,,,,,,,,,,,,,>20%,$1.418 hourly,current,"Ampere, Ampere, Ampere, Ampere",26.0°C,Yes,3.62x,58.0W,58.0W,1710 MHz,1710 MHz,6251 MHz,1500 MHz,,5.672,5.672
G5 Graphics and Machine Learning GPU 16xlarge Extra Large,g5.16xlarge,g5,NVIDIA A10G,NVIDIA A10G,1.0,300.0,270.0,270.0,AMD EPYC 7R32,AMD EPYC 7R32,64.0,,,,,,270.0,0.00027,4.096,15170.37037037037,official,review_required,"1,246,915.184",GPU instance,113.0 fps,256 GiB,3200 MT/s,No,,,,,,,,0 units,64 vCPUs,4.00 GiB/vCPU,1.0,NVIDIA A10G,24 GiB,8.6,0,0.0000 units,AMD EPYC 7R32,2.8 GHz,,,,,1900 GB NVMe SSD,Yes,Yes,x86_64,25 Gigabit,16000 Mbps,2000 MB/s,65000 IOPS,16000 Mbps,2000 MB/s,65000 IOPS,Yes,240.0,8.0,Yes,No,Yes,114.0,Yes,Yes,Yes,Unknown,Yes,,$4.096 hourly,$2.5805 hourly,$1.367 hourly,$1.4816 hourly,$4.7872 hourly,$3.2717 hourly,$2.0582 hourly,$2.2865 hourly,$5.6832 hourly,$4.1677 hourly,,,$4.221 hourly,$2.6405 hourly,$1.492 hourly,$1.7203 hourly,$7.04 hourly,$5.5245 hourly,$3.3536 hourly,$3.3753 hourly,$17.917 hourly,$11.288 hourly,,,,,,,,,,,,,>20%,$1.024 hourly,current,Ampere,25.0°C,Yes,3.76x,59.0W,59.0W,1710 MHz,1710 MHz,6251 MHz,1500 MHz,,4.096,4.096
G5 Graphics and Machine Learning GPU 24xlarge,g5.24xlarge,g5,NVIDIA A10G,NVIDIA A10G,4.0,300.0,270.0,1080.0,AMD EPYC 7R32,AMD EPYC 7R32,96.0,,,,,,1080.0,0.00108,8.144,7540.740740740741,official,review_required,"1,613,987.895",GPU instance,111.0 fps,384 GiB,3200 MT/s,No,,,,,,,,0 units,96 vCPUs,4.00 GiB/vCPU,4.0,NVIDIA A10G,96 GiB,8.6,0,0.0000 units,AMD EPYC 7R32,2.8 GHz,,,,,3800 GB NVMe SSD,Yes,Yes,x86_64,50 Gigabit,19000 Mbps,2375 MB/s,80000 IOPS,19000 Mbps,2375 MB/s,80000 IOPS,Yes,750.0,15.0,Yes,No,Yes,107.0,Yes,Yes,Yes,Unknown,Yes,,$8.144 hourly,$5.1307 hourly,$3.5449 hourly,$3.7994 hourly,$9.1808 hourly,$6.1675 hourly,$4.5817 hourly,$5.2505 hourly,$10.5248 hourly,$7.5115 hourly,,,$8.269 hourly,$5.1907 hourly,$3.6699 hourly,$4.3387 hourly,$12.56 hourly,$5.1307 hourly,$5.2304 hourly,$5.2304 hourly,$17.917 hourly,$11.288 hourly,,,,,,,,,,,,,>20%,$2.036 hourly,current,"Ampere, Ampere, Ampere, Ampere",26.8°C,Yes,3.70x,59.0W,59.0W,1710 MHz,1710 MHz,6251 MHz,1500 MHz,,8.144,8.144
G5 Graphics and Machine Learning GPU Double Extra Large,g5.2xlarge,g5,NVIDIA A10G,NVIDIA A10G,1.0,300.0,270.0,270.0,AMD EPYC 7R32,AMD EPYC 7R32,8.0,,,,,,270.0,0.00027,1.212,4488.888888888889,official,review_required,"144,423.884",GPU instance,114.0 fps,32 GiB,3200 MT/s,No,,,,,,,,0 units,8 vCPUs,4.00 GiB/vCPU,1.0,NVIDIA A10G,24 GiB,8.6,0,0.0000 units,AMD EPYC 7R32,2.8 GHz,,,,,450 GB NVMe SSD,Yes,Yes,x86_64,Up to 10 Gigabit,850 Mbps,106.25 MB/s,3500 IOPS,3500 Mbps,437.5 MB/s,15000 IOPS,Yes,60.0,4.0,Yes,No,Yes,17.0,Yes,Yes,Yes,Unknown,Yes,,$1.212 hourly,$0.7636 hourly,$0.4909 hourly,$0.4984 hourly,$1.3272 hourly,$0.8788 hourly,$0.6061 hourly,$0.6251 hourly,$1.4672 hourly,$1.0188 hourly,,,$1.337 hourly,$0.8236 hourly,$0.6159 hourly,$0.6349 hourly,$1.58 hourly,$1.1316 hourly,$0.5049 hourly,$0.5052 hourly,$17.917 hourly,$11.288 hourly,,,,,,,,,,,,,15-20%,$0.303 hourly,current,Ampere,25.0°C,Yes,3.80x,57.0W,57.0W,1710 MHz,1710 MHz,6251 MHz,1500 MHz,,1.212,1.212
G5 Graphics and Machine Learning GPU 48xlarge,g5.48xlarge,g5,NVIDIA A10G,NVIDIA A10G,8.0,300.0,270.0,2160.0,AMD EPYC 7R32,AMD EPYC 7R32,192.0,,,,,,2160.0,0.00216,16.288,7540.740740740741,official,review_required,"3,614,457.831",GPU instance,110.0 fps,768 GiB,3200 MT/s,Yes,2.0,32.0,48.0,96.0,382924 MB,192.0 MB,Yes,0 units,192 vCPUs,4.00 GiB/vCPU,8.0,NVIDIA A10G,192 GiB,8.6,0,0.0000 units,AMD EPYC 7R32,2.8 GHz,,,,,7600 GB (2×3800 GB NVMe SSD),Yes,Yes,x86_64,100 Gigabit,19000 Mbps,2375 MB/s,80000 IOPS,19000 Mbps,2375 MB/s,80000 IOPS,Yes,350.0,7.0,Yes,No,Yes,115.0,Yes,Yes,Yes,Unknown,Yes,,$16.288 hourly,$10.2614 hourly,$6.3429 hourly,$7.2016 hourly,$18.1312 hourly,$12.1046 hourly,$8.1861 hourly,$9.408 hourly,$20.1472 hourly,$14.1206 hourly,,,$16.413 hourly,$10.3214 hourly,$6.4679 hourly,$7.6898 hourly,$25.12 hourly,$10.2614 hourly,$10.4608 hourly,$10.4608 hourly,$17.917 hourly,$11.288 hourly,,,,,,,,,,,,,>20%,$4.072 hourly,current,"Ampere, Ampere, Ampere, Ampere, Ampere, Ampere, Ampere, Ampere",26.9°C,Yes,3.65x,41.0W,41.0W,1148 MHz,1148 MHz,4059 MHz,1146 MHz,,16.288,16.288
G5 Graphics and Machine Learning GPU Quadruple Extra Large,g5.4xlarge,g5,NVIDIA A10G,NVIDIA A10G,1.0,300.0,270.0,270.0,AMD EPYC 7R32,AMD EPYC 7R32,16.0,,,,,,270.0,0.00027,1.624,6014.814814814815,official,review_required,"312,479.656",GPU instance,111.0 fps,64 GiB,3200 MT/s,No,,,,,,,,0 units,16 vCPUs,4.00 GiB/vCPU,1.0,NVIDIA A10G,24 GiB,8.6,0,0.0000 units,AMD EPYC 7R32,2.8 GHz,,,,,600 GB NVMe SSD,Yes,Yes,x86_64,Up to 25 Gigabit,4750 Mbps,593.75 MB/s,20000 IOPS,4750 Mbps,593.75 MB/s,20000 IOPS,Yes,240.0,8.0,Yes,No,Yes,34.0,Yes,Yes,Yes,Unknown,Yes,,$1.624 hourly,$1.0231 hourly,$0.7125 hourly,$0.7215 hourly,$1.7968 hourly,$1.1959 hourly,$0.8853 hourly,$0.924 hourly,$2.0208 hourly,$1.4199 hourly,,,$1.749 hourly,$1.0831 hourly,$0.8375 hourly,$0.8762 hourly,$2.36 hourly,$1.7591 hourly,$0.9197 hourly,$0.9737 hourly,$17.917 hourly,$11.288 hourly,,,,,,,,,,,,,>20%,$0.406 hourly,current,Ampere,21.0°C,Yes,3.71x,55.0W,55.0W,1710 MHz,1710 MHz,6251 MHz,1500 MHz,,1.624,1.624
G5 Graphics and Machine Learning GPU Eight Extra Large,g5.8xlarge,g5,NVIDIA A10G,NVIDIA A10G,1.0,300.0,270.0,270.0,AMD EPYC 7R32,AMD EPYC 7R32,32.0,,,,,,270.0,0.00027,2.448,9066.666666666666,official,review_required,"621,902.633",GPU instance,111.0 fps,128 GiB,3200 MT/s,No,,,,,,,,0 units,32 vCPUs,4.00 GiB/vCPU,1.0,NVIDIA A10G,24 GiB,8.6,0,0.0000 units,AMD EPYC 7R32,2.8 GHz,,,,,900 GB NVMe SSD,Yes,Yes,x86_64,25 Gigabit,16000 Mbps,2000 MB/s,65000 IOPS,16000 Mbps,2000 MB/s,65000 IOPS,Yes,240.0,8.0,Yes,No,Yes,84.0,Yes,Yes,Yes,Unknown,Yes,,$2.448 hourly,$1.5422 hourly,$1.0502 hourly,$1.0765 hourly,$2.7936 hourly,$1.8878 hourly,$1.3958 hourly,$1.4802 hourly,$3.2416 hourly,$2.3358 hourly,,,$2.573 hourly,$1.6022 hourly,$1.1752 hourly,$1.2596 hourly,$3.92 hourly,$1.5422 hourly,$1.8113 hourly,$1.9205 hourly,$17.917 hourly,$11.288 hourly,,,,,,,,,,,,,>20%,$0.612 hourly,current,Ampere,26.0°C,Yes,3.70x,58.0W,58.0W,1710 MHz,1710 MHz,6251 MHz,1500 MHz,,2.448,2.448
G5 Graphics and Machine Learning GPU Extra Large,g5.xlarge,g5,NVIDIA A10G,NVIDIA A10G,1.0,300.0,270.0,270.0,AMD EPYC 7R32,AMD EPYC 7R32,4.0,,,,,,270.0,0.00027,1.006,3725.925925925926,official,review_required,"69,633.842",GPU instance,115.0 fps,16 GiB,3200 MT/s,No,,,,,,,,0 units,4 vCPUs,4.00 GiB/vCPU,1.0,NVIDIA A10G,24 GiB,8.6,0,0.0000 units,AMD EPYC 7R32,2.8 GHz,,,,,250 GB NVMe SSD,Yes,Yes,x86_64,Up to 10 Gigabit,700 Mbps,87.5 MB/s,3000 IOPS,3500 Mbps,437.5 MB/s,15000 IOPS,Yes,60.0,4.0,Yes,No,Yes,4.0,Yes,Yes,Yes,Unknown,Yes,,$1.006 hourly,$0.6338 hourly,$0.4158 hourly,$0.4326 hourly,$1.0636 hourly,$0.6914 hourly,$0.4734 hourly,$0.5085 hourly,$1.1336 hourly,$0.7614 hourly,,,$1.0623 hourly,$0.6838 hourly,$0.4721 hourly,$0.5072 hourly,$1.19 hourly,$0.6338 hourly,$0.2846 hourly,$0.2953 hourly,$17.917 hourly,$11.288 hourly,,,,,,,,,,,,,>20%,$0.2515 hourly,current,Ampere,26.0°C,Yes,3.83x,57.0W,57.0W,1710 MHz,1710 MHz,6251 MHz,1500 MHz,,1.006,1.006
G5G 16xlarge Extra Large,g5g.16xlarge,g5g,NVIDIA T4G Tensor Core,NVIDIA T4G,2.0,70.0,63.0,126.0,AWS Graviton2 Processor,AWS Graviton2,64.0,,64.0,,,,126.0,0.000126,2.744,21777.77777777778,official,review_required,"1,283,422.46",GPU instance,100.0 fps,128 GiB,,No,,,,,,,,0 units,64 vCPUs,2.00 GiB/vCPU,2.0,NVIDIA T4G Tensor Core,32 GiB,7.5,0,0.0000 units,AWS Graviton2 Processor,2.5 GHz,,,,,EBS only,,,arm64,25 Gigabit,19000 Mbps,2375 MB/s,80000 IOPS,19000 Mbps,2375 MB/s,80000 IOPS,Yes,750.0,15.0,Yes,No,Yes,107.0,Yes,Yes,Yes,Unknown,No,,$2.744 hourly,$1.7287 hourly,$0.3986 hourly,$0.564 hourly,$3.4352 hourly,$2.4199 hourly,$1.0898 hourly,$1.4987 hourly,$4.3312 hourly,$3.3159 hourly,,,$2.869 hourly,$1.7887 hourly,$0.5236 hourly,$0.9325 hourly,,,,,$17.917 hourly,$1.902 hourly,,,,,,,,,,,,,10-15%,,current,"Turing, Turing",74.5°C,Yes,3.31x,0.0W,0.0W,585 MHz,585 MHz,5000 MHz,735 MHz,,2.744,2.744
G5G Double Extra Large,g5g.2xlarge,g5g,NVIDIA T4G Tensor Core,NVIDIA T4G,1.0,70.0,63.0,63.0,AWS Graviton2 Processor,AWS Graviton2,8.0,,64.0,,,,63.0,6.3e-05,0.556,8825.396825396827,official,review_required,"157,801.302",GPU instance,99.0 fps,16 GiB,,No,,,,,,,,0 units,8 vCPUs,2.00 GiB/vCPU,1.0,NVIDIA T4G Tensor Core,16 GiB,7.5,0,0.0000 units,AWS Graviton2 Processor,2.5 GHz,,,,,EBS only,,,arm64,Up to 10 Gigabit,2375 Mbps,296.875 MB/s,12000 IOPS,4750 Mbps,593.75 MB/s,20000 IOPS,Yes,60.0,4.0,Yes,No,Yes,38.0,Yes,Yes,Yes,Unknown,No,,$0.556 hourly,$0.3503 hourly,$0.1938 hourly,$0.2162 hourly,$0.6712 hourly,$0.4655 hourly,$0.309 hourly,$0.3816 hourly,$0.8112 hourly,$0.6055 hourly,,,$0.681 hourly,$0.4103 hourly,$0.3188 hourly,$0.3914 hourly,,,,,$17.917 hourly,$1.902 hourly,,,,,,,,,,,,,5-10%,,current,Turing,73.0°C,Yes,3.28x,0.0W,0.0W,585 MHz,585 MHz,5000 MHz,735 MHz,,0.556,0.556
G5G Quadruple Extra Large,g5g.4xlarge,g5g,NVIDIA T4G Tensor Core,NVIDIA T4G,1.0,70.0,63.0,63.0,AWS Graviton2 Processor,AWS Graviton2,16.0,,64.0,,,,63.0,6.3e-05,0.828,13142.857142857143,official,review_required,"314,877.985",GPU instance,99.0 fps,32 GiB,,No,,,,,,,,0 units,16 vCPUs,2.00 GiB/vCPU,1.0,NVIDIA T4G Tensor Core,16 GiB,7.5,0,0.0000 units,AWS Graviton2 Processor,2.5 GHz,,,,,EBS only,,,arm64,Up to 10 Gigabit,4750 Mbps,593.75 MB/s,20000 IOPS,4750 Mbps,593.75 MB/s,20000 IOPS,Yes,240.0,8.0,Yes,No,Yes,54.0,Yes,Yes,Yes,Unknown,No,,$0.828 hourly,$0.5216 hourly,$0.2217 hourly,$0.2443 hourly,$1.0008 hourly,$0.6944 hourly,$0.3945 hourly,$0.4352 hourly,$1.2248 hourly,$0.9184 hourly,,,$0.953 hourly,$0.5816 hourly,$0.3467 hourly,$0.3874 hourly,,,,,$17.917 hourly,$1.902 hourly,,,,,,,,,,,,,5-10%,,current,Turing,58.0°C,Yes,3.30x,0.0W,0.0W,585 MHz,585 MHz,5000 MHz,735 MHz,,0.828,0.828
G5G Eight Extra Large,g5g.8xlarge,g5g,NVIDIA T4G Tensor Core,NVIDIA T4G,1.0,70.0,63.0,63.0,AWS Graviton2 Processor,AWS Graviton2,32.0,,64.0,,,,63.0,6.3e-05,1.372,21777.77777777778,official,review_required,"622,245.268",GPU instance,100.0 fps,64 GiB,,No,,,,,,,,0 units,32 vCPUs,2.00 GiB/vCPU,1.0,NVIDIA T4G Tensor Core,16 GiB,7.5,0,0.0000 units,AWS Graviton2 Processor,2.5 GHz,,,,,EBS only,,,arm64,12 Gigabit,9500 Mbps,1187.5 MB/s,40000 IOPS,9500 Mbps,1187.5 MB/s,40000 IOPS,Yes,240.0,8.0,Yes,No,Yes,54.0,Yes,Yes,Yes,Unknown,No,,$1.372 hourly,$0.8644 hourly,$0.4386 hourly,$0.557 hourly,$1.7176 hourly,$1.21 hourly,$0.7842 hourly,$1.1751 hourly,$2.1656 hourly,$1.658 hourly,,,$1.497 hourly,$0.9244 hourly,$0.5636 hourly,$0.9545 hourly,,,,,$17.917 hourly,$1.902 hourly,,,,,,,,,,,,,5-10%,,current,Turing,72.0°C,Yes,3.33x,0.0W,0.0W,585 MHz,585 MHz,5000 MHz,720 MHz,,1.372,1.372
G5G Metal,g5g.metal,g5g,NVIDIA T4G Tensor Core,NVIDIA T4G,2.0,70.0,63.0,126.0,AWS Graviton2 Processor,AWS Graviton2,64.0,,64.0,,,,126.0,0.000126,2.744,21777.77777777778,official,review_required,"1,262,202.939",GPU instance,178.0 fps,128 GiB,,No,,,,,,,,0 units,64 vCPUs,2.00 GiB/vCPU,2.0,NVIDIA T4G Tensor Core,32 GiB,7.5,0,0.0000 units,AWS Graviton2 Processor,2.5 GHz,,,,,EBS only,,,arm64,25 Gigabit,19000 Mbps,2375 MB/s,80000 IOPS,19000 Mbps,2375 MB/s,80000 IOPS,Yes,750.0,15.0,Yes,Yes,Yes,107.0,Yes,Yes,Yes,Unknown,No,,$2.744 hourly,$1.7287 hourly,$0.3985 hourly,$0.6359 hourly,$3.4352 hourly,$2.4199 hourly,$1.0897 hourly,$1.5139 hourly,$4.3312 hourly,$3.3159 hourly,,,$2.869 hourly,$1.7887 hourly,$0.5235 hourly,$0.9477 hourly,,,,,$17.917 hourly,$1.902 hourly,,,,,,,,,,,,,>20%,,current,"Turing, Turing",75.0°C,No,5.93x,0.0W,0.0W,585 MHz,585 MHz,5000 MHz,735 MHz,,2.744,2.744
G5G Extra Large,g5g.xlarge,g5g,NVIDIA T4G Tensor Core,NVIDIA T4G,1.0,70.0,63.0,63.0,AWS Graviton2 Processor,AWS Graviton2,4.0,,64.0,,,,63.0,6.3e-05,0.42,6666.666666666666,official,review_required,"77,504.36",GPU instance,99.0 fps,8 GiB,,No,,,,,,,,0 units,4 vCPUs,2.00 GiB/vCPU,1.0,NVIDIA T4G Tensor Core,16 GiB,7.5,0,0.0000 units,AWS Graviton2 Processor,2.5 GHz,,,,,EBS only,,,arm64,Up to 10 Gigabit,1188 Mbps,148.5 MB/s,6000 IOPS,4750 Mbps,593.75 MB/s,20000 IOPS,Yes,60.0,4.0,Yes,No,Yes,18.0,Yes,Yes,Yes,Unknown,No,,$0.42 hourly,$0.2646 hourly,$0.1199 hourly,$0.1274 hourly,$0.4776 hourly,$0.3222 hourly,$0.1775 hourly,$0.2004 hourly,$0.5476 hourly,$0.3922 hourly,,,$0.4763 hourly,$0.3146 hourly,$0.1762 hourly,$0.1991 hourly,,,,,$17.917 hourly,$1.902 hourly,,,,,,,,,,,,,5-10%,,current,Turing,67.0°C,Yes,3.29x,0.0W,0.0W,585 MHz,585 MHz,5000 MHz,720 MHz,,0.42,0.42
G6 Graphics and Machine Learning GPU 12xlarge Extra Large,g6.12xlarge,g6,NVIDIA L4,NVIDIA L4,4.0,72.0,64.8,259.2,AMD EPYC 7R13 Processor,AMD EPYC 7R13,48.0,,,,,,259.2,0.0002592,4.6016,17753.086419753086,official,review_required,"1,056,861.342",GPU instance,138.0 fps,192 GiB,3200 MT/s,No,,,,,,,,0 units,48 vCPUs,4.00 GiB/vCPU,4.0,NVIDIA L4,96 GiB,8.9,0,0.0000 units,AMD EPYC 7R13 Processor,2.6 GHz,,,,,3760 GB (4×940 GB NVMe SSD),Yes,Yes,x86_64,40 Gigabit,20000 Mbps,2500 MB/s,80000 IOPS,20000 Mbps,2500 MB/s,80000 IOPS,Yes,240.0,8.0,Yes,No,Yes,114.0,Yes,Yes,Yes,Unknown,Yes,,$4.6016 hourly,$2.9956 hourly,$1.8391 hourly,$2.1466 hourly,$5.12 hourly,$3.514 hourly,$2.3575 hourly,$3.1885 hourly,$5.792 hourly,$4.186 hourly,,,$4.7266 hourly,$3.0555 hourly,$1.9641 hourly,$2.7951 hourly,$6.8096 hourly,$5.2036 hourly,$2.6682 hourly,$2.7525 hourly,$14.685 hourly,$9.56 hourly,$7.6208 hourly,$6.0148 hourly,$12.5696 hourly,$10.9636 hourly,$24.8096 hourly,$23.2036 hourly,$5.4128 hourly,$3.8068 hourly,$10.3616 hourly,$8.7556 hourly,$22.6016 hourly,$20.9956 hourly,5-10%,$1.1504 hourly,current,"Ada Lovelace, Ada Lovelace, Ada Lovelace, Ada Lovelace",46.0°C,Yes,4.58x,27.0W,27.0W,2040 MHz,2040 MHz,6251 MHz,1770 MHz,,4.6016,4.6016
G6 Graphics and Machine Learning GPU 16xlarge Extra Large,g6.16xlarge,g6,NVIDIA L4,NVIDIA L4,1.0,72.0,64.8,64.8,AMD EPYC 7R13 Processor,AMD EPYC 7R13,64.0,,,,,,64.8,6.48e-05,3.3968,52419.75308641975,official,review_required,"1,380,872.755",GPU instance,134.0 fps,256 GiB,3200 MT/s,No,,,,,,,,0 units,64 vCPUs,4.00 GiB/vCPU,1.0,NVIDIA L4,24 GiB,8.9,0,0.0000 units,AMD EPYC 7R13 Processor,2.6 GHz,,,,,1880 GB (2×940 GB NVMe SSD),Yes,Yes,x86_64,25 Gigabit,20000 Mbps,2500 MB/s,80000 IOPS,20000 Mbps,2500 MB/s,80000 IOPS,Yes,750.0,15.0,Yes,No,Yes,107.0,Yes,Yes,Yes,Unknown,Yes,,$3.3968 hourly,$2.2113 hourly,$1.222 hourly,$1.3047 hourly,$4.088 hourly,$2.9025 hourly,$1.9132 hourly,$2.1234 hourly,$4.984 hourly,$3.7985 hourly,,,$3.5218 hourly,$2.2712 hourly,$1.347 hourly,$1.5572 hourly,$6.3408 hourly,$5.1553 hourly,$3.3294 hourly,$3.3331 hourly,$14.685 hourly,$9.56 hourly,$7.4224 hourly,$6.2369 hourly,$14.0208 hourly,$12.8353 hourly,$30.3408 hourly,$29.1553 hourly,$4.4784 hourly,$3.2929 hourly,$11.0768 hourly,$9.8913 hourly,$27.3968 hourly,$26.2113 hourly,10-15%,$0.8492 hourly,current,Ada Lovelace,40.0°C,Yes,4.46x,28.0W,28.0W,2040 MHz,2040 MHz,6251 MHz,1770 MHz,,3.3968,3.3968
G6 Graphics and Machine Learning GPU 24xlarge,g6.24xlarge,g6,NVIDIA L4,NVIDIA L4,4.0,72.0,64.8,259.2,AMD EPYC 7R13 Processor,AMD EPYC 7R13,96.0,,,,,,259.2,0.0002592,6.6752,25753.086419753086,official,review_required,"1,884,200.196",GPU instance,134.0 fps,384 GiB,3200 MT/s,No,,,,,,,,0 units,96 vCPUs,4.00 GiB/vCPU,4.0,NVIDIA L4,96 GiB,8.9,0,0.0000 units,AMD EPYC 7R13 Processor,2.6 GHz,,,,,3760 GB (4×940 GB NVMe SSD),Yes,Yes,x86_64,50 Gigabit,30000 Mbps,3750 MB/s,120000 IOPS,30000 Mbps,3750 MB/s,120000 IOPS,Yes,750.0,15.0,Yes,No,Yes,107.0,Yes,Yes,Yes,Unknown,Yes,,$6.6752 hourly,$4.3456 hourly,$2.2732 hourly,$3.1325 hourly,$7.712 hourly,$5.3824 hourly,$3.31 hourly,$5.0334 hourly,$9.056 hourly,$6.7264 hourly,,,$6.8002 hourly,$4.4055 hourly,$2.3982 hourly,$4.1216 hourly,$11.0912 hourly,$8.7616 hourly,$5.0835 hourly,$5.3706 hourly,$14.685 hourly,$9.56 hourly,$12.7136 hourly,$10.384 hourly,$22.6112 hourly,$20.2816 hourly,$47.0912 hourly,$44.7616 hourly,$8.2976 hourly,$5.968 hourly,$18.1952 hourly,$15.8656 hourly,$42.6752 hourly,$40.3456 hourly,>20%,$1.6688 hourly,current,"Ada Lovelace, Ada Lovelace, Ada Lovelace, Ada Lovelace",35.3°C,Yes,4.46x,26.0W,26.0W,2040 MHz,2040 MHz,6251 MHz,1770 MHz,,6.6752,6.6752
G6 Graphics and Machine Learning GPU Double Extra Large,g6.2xlarge,g6,NVIDIA L4,NVIDIA L4,1.0,72.0,64.8,64.8,AMD EPYC 7R13 Processor,AMD EPYC 7R13,8.0,,,,,,64.8,6.48e-05,0.9776,15086.41975308642,official,review_required,"167,346.512",GPU instance,133.0 fps,32 GiB,3200 MT/s,No,,,,,,,,0 units,8 vCPUs,4.00 GiB/vCPU,1.0,NVIDIA L4,24 GiB,8.9,0,0.0000 units,AMD EPYC 7R13 Processor,2.6 GHz,,,,,450 GB NVMe SSD,Yes,Yes,x86_64,Up to 10 Gigabit,2000 Mbps,250 MB/s,8000 IOPS,5000 Mbps,625 MB/s,20000 IOPS,Yes,60.0,4.0,Yes,No,Yes,38.0,Yes,Yes,Yes,Unknown,Yes,,$0.9776 hourly,$0.6364 hourly,$0.4234 hourly,$0.5559 hourly,$1.0928 hourly,$0.7516 hourly,$0.5386 hourly,$0.8317 hourly,$1.2328 hourly,$0.8916 hourly,,,$1.1026 hourly,$0.6963 hourly,$0.5484 hourly,$0.8415 hourly,$1.3456 hourly,$1.0044 hourly,$0.4804 hourly,$0.4823 hourly,$14.685 hourly,$9.56 hourly,$1.4808 hourly,$1.1396 hourly,$2.3056 hourly,$1.9644 hourly,$4.3456 hourly,$4.0044 hourly,$1.1128 hourly,$0.7716 hourly,$1.9376 hourly,$1.5964 hourly,$3.9776 hourly,$3.6364 hourly,10-15%,$0.2444 hourly,current,Ada Lovelace,39.0°C,Yes,4.44x,27.0W,27.0W,2040 MHz,2040 MHz,6251 MHz,1770 MHz,,0.9776,0.9776
G6 Graphics and Machine Learning GPU 48xlarge,g6.48xlarge,g6,NVIDIA L4,NVIDIA L4,8.0,72.0,64.8,518.4,AMD EPYC 7R13 Processor,AMD EPYC 7R13,192.0,,,,,,518.4,0.0005184,13.3504,25753.086419753086,official,review_required,"3,842,689.883",GPU instance,131.0 fps,768 GiB,3200 MT/s,Yes,2.0,32.0,48.0,96.0,372844 MB,192.0 MB,Yes,0 units,192 vCPUs,4.00 GiB/vCPU,8.0,NVIDIA L4,192 GiB,8.9,0,0.0000 units,AMD EPYC 7R13 Processor,2.6 GHz,,,,,7520 GB (8×940 GB NVMe SSD),Yes,Yes,x86_64,100 Gigabit,60000 Mbps,7500 MB/s,240000 IOPS,60000 Mbps,7500 MB/s,240000 IOPS,Yes,750.0,15.0,Yes,No,Yes,107.0,Yes,Yes,Yes,Unknown,Yes,,$13.3504 hourly,$8.6911 hourly,$4.2589 hourly,$6.1965 hourly,$15.1936 hourly,$10.5343 hourly,$6.1021 hourly,$9.2393 hourly,$17.2096 hourly,$12.5503 hourly,,,$13.4754 hourly,$8.751 hourly,$4.3839 hourly,$7.5211 hourly,$22.1824 hourly,$17.5231 hourly,$10.167 hourly,$10.2964 hourly,$14.685 hourly,$9.56 hourly,$25.4272 hourly,$20.7679 hourly,$45.2224 hourly,$40.5631 hourly,$94.1824 hourly,$89.5231 hourly,$16.5952 hourly,$11.9359 hourly,$36.3904 hourly,$31.7311 hourly,$85.3504 hourly,$80.6911 hourly,15-20%,$3.3376 hourly,current,"Ada Lovelace, Ada Lovelace, Ada Lovelace, Ada Lovelace, Ada Lovelace, Ada Lovelace, Ada Lovelace, Ada Lovelace",38.4°C,Yes,4.37x,23.0W,23.0W,1588 MHz,1588 MHz,4790 MHz,1519 MHz,,13.3504,13.3504
G6 Graphics and Machine Learning GPU Quadruple Extra Large,g6.4xlarge,g6,NVIDIA L4,NVIDIA L4,1.0,72.0,64.8,64.8,AMD EPYC 7R13 Processor,AMD EPYC 7R13,16.0,,,,,,64.8,6.48e-05,1.3232,20419.75308641975,official,review_required,"332,519.354",GPU instance,133.0 fps,64 GiB,3200 MT/s,No,,,,,,,,0 units,16 vCPUs,4.00 GiB/vCPU,1.0,NVIDIA L4,24 GiB,8.9,0,0.0000 units,AMD EPYC 7R13 Processor,2.6 GHz,,,,,600 GB NVMe SSD,Yes,Yes,x86_64,Up to 25 Gigabit,8000 Mbps,1000 MB/s,32000 IOPS,8000 Mbps,1000 MB/s,32000 IOPS,Yes,240.0,8.0,Yes,No,Yes,54.0,Yes,Yes,Yes,Unknown,Yes,,$1.3232 hourly,$0.8614 hourly,$0.547 hourly,$0.6524 hourly,$1.496 hourly,$1.0342 hourly,$0.7198 hourly,$1.0476 hourly,$1.72 hourly,$1.2582 hourly,,,$1.4482 hourly,$0.9213 hourly,$0.672 hourly,$0.9998 hourly,$2.0592 hourly,$1.5974 hourly,$0.9034 hourly,$1.0025 hourly,$14.685 hourly,$9.56 hourly,$2.3296 hourly,$1.8678 hourly,$3.9792 hourly,$3.5174 hourly,$8.0592 hourly,$7.5974 hourly,$1.5936 hourly,$1.1318 hourly,$3.2432 hourly,$2.7814 hourly,$7.3232 hourly,$6.8614 hourly,>20%,$0.3308 hourly,current,Ada Lovelace,47.0°C,Yes,4.43x,28.0W,28.0W,2040 MHz,2040 MHz,6251 MHz,1770 MHz,,1.3232,1.3232
G6 Graphics and Machine Learning GPU Eight Extra Large,g6.8xlarge,g6,NVIDIA L4,NVIDIA L4,1.0,72.0,64.8,64.8,AMD EPYC 7R13 Processor,AMD EPYC 7R13,32.0,,,,,,64.8,6.48e-05,2.0144,31086.419753086422,official,review_required,"689,915.378",GPU instance,135.0 fps,128 GiB,3200 MT/s,No,,,,,,,,0 units,32 vCPUs,4.00 GiB/vCPU,1.0,NVIDIA L4,24 GiB,8.9,0,0.0000 units,AMD EPYC 7R13 Processor,2.6 GHz,,,,,900 GB (2×450 GB NVMe SSD),Yes,Yes,x86_64,25 Gigabit,16000 Mbps,2000 MB/s,64000 IOPS,16000 Mbps,2000 MB/s,64000 IOPS,Yes,240.0,8.0,Yes,No,Yes,84.0,Yes,Yes,Yes,Unknown,Yes,,$2.0144 hourly,$1.3114 hourly,$0.8391 hourly,$1.0674 hourly,$2.36 hourly,$1.657 hourly,$1.1847 hourly,$1.4951 hourly,$2.808 hourly,$2.105 hourly,,,$2.1394 hourly,$1.3713 hourly,$0.9641 hourly,$1.2745 hourly,$3.4864 hourly,$2.7834 hourly,$1.7003 hourly,$1.7033 hourly,$14.685 hourly,$9.56 hourly,$4.0272 hourly,$3.3242 hourly,$7.3264 hourly,$6.6234 hourly,$15.4864 hourly,$14.7834 hourly,$2.5552 hourly,$1.8522 hourly,$5.8544 hourly,$5.1514 hourly,$14.0144 hourly,$13.3114 hourly,>20%,$0.5036 hourly,current,Ada Lovelace,55.0°C,Yes,4.49x,29.0W,29.0W,2040 MHz,2040 MHz,6251 MHz,1770 MHz,,2.0144,2.0144
G6 Graphics and Machine Learning GPU Extra Large,g6.xlarge,g6,NVIDIA L4,NVIDIA L4,1.0,72.0,64.8,64.8,AMD EPYC 7R13 Processor,AMD EPYC 7R13,4.0,,,,,,64.8,6.48e-05,0.8048,12419.753086419752,official,review_required,"83,813.515",GPU instance,134.0 fps,16 GiB,3200 MT/s,No,,,,,,,,0 units,4 vCPUs,4.00 GiB/vCPU,1.0,NVIDIA L4,24 GiB,8.9,0,0.0000 units,AMD EPYC 7R13 Processor,2.6 GHz,,,,,250 GB NVMe SSD,Yes,Yes,x86_64,Up to 10 Gigabit,1000 Mbps,125 MB/s,4000 IOPS,5000 Mbps,625 MB/s,20000 IOPS,Yes,60.0,4.0,Yes,No,Yes,18.0,Yes,Yes,Yes,Unknown,Yes,,$0.8048 hourly,$0.5239 hourly,$0.3476 hourly,$0.4014 hourly,$0.8624 hourly,$0.5815 hourly,$0.4052 hourly,$0.6092 hourly,$0.9324 hourly,$0.6515 hourly,,,$0.8611 hourly,$0.5739 hourly,$0.4039 hourly,$0.6079 hourly,$0.9888 hourly,$0.7079 hourly,$0.2751 hourly,$0.2759 hourly,$14.685 hourly,$9.56 hourly,$1.0564 hourly,$0.7755 hourly,$1.4688 hourly,$1.1879 hourly,$2.4888 hourly,$2.2079 hourly,$0.8724 hourly,$0.5915 hourly,$1.2848 hourly,$1.0039 hourly,$2.3048 hourly,$2.0239 hourly,>20%,$0.2012 hourly,current,Ada Lovelace,44.0°C,Yes,4.45x,27.0W,27.0W,2040 MHz,2040 MHz,6251 MHz,1770 MHz,,0.8048,0.8048
G6e Graphics and Machine Learning GPU 12xlarge Extra Large,g6e.12xlarge,g6e,NVIDIA L40S,NVIDIA L40S,4.0,350.0,315.0,1260.0,AMD EPYC 7R13 Processor,AMD EPYC 7R13,48.0,,,,,,1260.0,0.00126,10.4926,8327.460317460316,official,review_required,"1,061,946.903",GPU instance,143.0 fps,384 GiB,3200 MT/s,No,,,,,,,,0 units,48 vCPUs,8.00 GiB/vCPU,4.0,NVIDIA L40S,192 GiB,8.9,0,0.0000 units,AMD EPYC 7R13 Processor,2.6 GHz,,,,,3800 GB (2×1900 GB NVMe SSD),Yes,Yes,x86_64,100 Gigabit,20000 Mbps,2500 MB/s,80000 IOPS,20000 Mbps,2500 MB/s,80000 IOPS,Yes,300.0,10.0,Yes,No,Yes,112.0,Yes,Yes,Yes,Unknown,No,,$10.4926 hourly,$6.6104 hourly,$3.4418 hourly,$4.4786 hourly,$11.011 hourly,$7.1288 hourly,$3.9602 hourly,$5.5831 hourly,$11.683 hourly,$7.8008 hourly,,,$10.6176 hourly,$6.6703 hourly,$3.5668 hourly,$5.1897 hourly,$12.7006 hourly,$8.8184 hourly,$3.2573 hourly,$3.5215 hourly,$33.144 hourly,$20.881 hourly,,,,,,,,,,,,,>20%,,current,"Ada Lovelace, Ada Lovelace, Ada Lovelace, Ada Lovelace",33.8°C,Yes,4.75x,79.0W,79.0W,2520 MHz,2520 MHz,9001 MHz,1965 MHz,,10.4926,10.4926
G6e Graphics and Machine Learning GPU 16xlarge Extra Large,g6e.16xlarge,g6e,NVIDIA L40S,NVIDIA L40S,1.0,350.0,315.0,315.0,AMD EPYC 7R13 Processor,AMD EPYC 7R13,64.0,,,,,,315.0,0.000315,7.5772,24054.603174603173,official,review_required,"1,347,368.421",GPU instance,129.0 fps,512 GiB,3200 MT/s,No,,,,,,,,0 units,64 vCPUs,8.00 GiB/vCPU,1.0,NVIDIA L40S,48 GiB,8.9,0,0.0000 units,AMD EPYC 7R13 Processor,2.6 GHz,,,,,1900 GB (2×950 GB NVMe SSD),Yes,Yes,x86_64,35 Gigabit,20000 Mbps,2500 MB/s,80000 IOPS,20000 Mbps,2500 MB/s,80000 IOPS,Yes,750.0,15.0,Yes,No,Yes,107.0,Yes,Yes,Yes,Unknown,No,,$7.5772 hourly,$4.7736 hourly,$2.0672 hourly,$2.1347 hourly,$8.2684 hourly,$5.4648 hourly,$2.7584 hourly,$2.8786 hourly,$9.1644 hourly,$6.3608 hourly,,,$7.7022 hourly,$4.8335 hourly,$2.1922 hourly,$2.3124 hourly,$10.5212 hourly,$7.7176 hourly,$3.8004 hourly,$3.8013 hourly,$33.144 hourly,$20.881 hourly,,,,,,,,,,,,,>20%,,current,Ada Lovelace,34.0°C,Yes,4.29x,80.0W,80.0W,2520 MHz,2520 MHz,9001 MHz,1965 MHz,,7.5772,7.5772
G6e Graphics and Machine Learning GPU 24xlarge,g6e.24xlarge,g6e,NVIDIA L40S,NVIDIA L40S,4.0,350.0,315.0,1260.0,AMD EPYC 7R13 Processor,AMD EPYC 7R13,96.0,,,,,,1260.0,0.00126,15.0656,11956.825396825396,official,review_required,"1,793,470.646",GPU instance,144.0 fps,768 GiB,3200 MT/s,No,,,,,,,,0 units,96 vCPUs,8.00 GiB/vCPU,4.0,NVIDIA L40S,192 GiB,8.9,0,0.0000 units,AMD EPYC 7R13 Processor,2.6 GHz,,,,,3800 GB (2×1900 GB NVMe SSD),Yes,Yes,x86_64,200 Gigabit,30000 Mbps,3750 MB/s,120000 IOPS,30000 Mbps,3750 MB/s,120000 IOPS,Yes,1000.0,20.0,Yes,No,Yes,102.0,Yes,Yes,Yes,Unknown,No,,$15.0656 hourly,$9.4913 hourly,$4.5175 hourly,$4.6809 hourly,$16.1024 hourly,$10.5281 hourly,$5.5543 hourly,$5.8582 hourly,$17.4464 hourly,$11.8721 hourly,,,$15.1906 hourly,$9.5512 hourly,$4.6425 hourly,$4.9464 hourly,$19.4816 hourly,$13.9073 hourly,$5.9226 hourly,$6.062 hourly,$33.144 hourly,$20.881 hourly,,,,,,,,,,,,,>20%,,current,"Ada Lovelace, Ada Lovelace, Ada Lovelace, Ada Lovelace",31.3°C,Yes,4.80x,78.0W,78.0W,2520 MHz,2520 MHz,9001 MHz,1965 MHz,,15.0656,15.0656
G6e Graphics and Machine Learning GPU Double Extra Large,g6e.2xlarge,g6e,NVIDIA L40S,NVIDIA L40S,1.0,350.0,315.0,315.0,AMD EPYC 7R13 Processor,AMD EPYC 7R13,8.0,,,,,,315.0,0.000315,2.2421,7117.777777777778,official,review_required,"163,968.026",GPU instance,143.0 fps,64 GiB,3200 MT/s,No,,,,,,,,0 units,8 vCPUs,8.00 GiB/vCPU,1.0,NVIDIA L40S,48 GiB,8.9,0,0.0000 units,AMD EPYC 7R13 Processor,2.6 GHz,,,,,450 GB NVMe SSD,Yes,Yes,x86_64,Up to 20 Gigabit,2000 Mbps,250 MB/s,8000 IOPS,5000 Mbps,625 MB/s,20000 IOPS,Yes,60.0,4.0,Yes,No,Yes,38.0,Yes,Yes,Yes,Unknown,No,,$2.2421 hourly,$1.4125 hourly,$0.8334 hourly,$0.9956 hourly,$2.3573 hourly,$1.5277 hourly,$0.9486 hourly,$1.2446 hourly,$2.4973 hourly,$1.6677 hourly,,,$2.3671 hourly,$1.4724 hourly,$0.9584 hourly,$1.2544 hourly,$2.6101 hourly,$1.7805 hourly,$0.6219 hourly,$0.6223 hourly,$33.144 hourly,$20.881 hourly,,,,,,,,,,,,,5-10%,,current,Ada Lovelace,32.0°C,Yes,4.74x,76.0W,76.0W,2520 MHz,2520 MHz,9001 MHz,1965 MHz,,2.2421,2.2421
G6e Graphics and Machine Learning GPU 48xlarge,g6e.48xlarge,g6e,NVIDIA L40S,NVIDIA L40S,8.0,350.0,315.0,2520.0,AMD EPYC 7R13 Processor,AMD EPYC 7R13,192.0,,,,,,2520.0,0.00252,30.1312,11956.825396825396,official,review_required,"3,635,502.959",GPU instance,142.0 fps,1536 GiB,3200 MT/s,Yes,2.0,32.0,48.0,96.0,763916 MB,192.0 MB,Yes,0 units,192 vCPUs,8.00 GiB/vCPU,8.0,NVIDIA L40S,384 GiB,8.9,0,0.0000 units,AMD EPYC 7R13 Processor,2.6 GHz,,,,,7600 GB (4×1900 GB NVMe SSD),Yes,Yes,x86_64,400 Gigabit,60000 Mbps,7500 MB/s,240000 IOPS,60000 Mbps,7500 MB/s,240000 IOPS,Yes,2000.0,40.0,Yes,No,Yes,82.0,Yes,Yes,Yes,Unknown,No,,$30.1312 hourly,$18.9826 hourly,$4.8319 hourly,$9.9273 hourly,$31.9744 hourly,$20.8258 hourly,$6.6751 hourly,$13.8164 hourly,$33.9904 hourly,$22.8418 hourly,,,$30.2562 hourly,$19.0425 hourly,$4.9569 hourly,$12.0982 hourly,$38.9632 hourly,$27.8146 hourly,$12.2369 hourly,$12.564 hourly,$33.144 hourly,$20.881 hourly,,,,,,,,,,,,,10-15%,,current,"Ada Lovelace, Ada Lovelace, Ada Lovelace, Ada Lovelace, Ada Lovelace, Ada Lovelace, Ada Lovelace, Ada Lovelace",33.6°C,Yes,4.72x,78.0W,78.0W,2261 MHz,2261 MHz,9001 MHz,1868 MHz,,30.1312,30.1312
G6e Graphics and Machine Learning GPU Quadruple Extra Large,g6e.4xlarge,g6e,NVIDIA L40S,NVIDIA L40S,1.0,350.0,315.0,315.0,AMD EPYC 7R13 Processor,AMD EPYC 7R13,16.0,,,,,,315.0,0.000315,3.0042,9537.142857142857,official,review_required,"343,366.06",GPU instance,143.0 fps,128 GiB,3200 MT/s,No,,,,,,,,0 units,16 vCPUs,8.00 GiB/vCPU,1.0,NVIDIA L40S,48 GiB,8.9,0,0.0000 units,AMD EPYC 7R13 Processor,2.6 GHz,,,,,600 GB NVMe SSD,Yes,Yes,x86_64,20 Gigabit,8000 Mbps,1000 MB/s,32000 IOPS,8000 Mbps,1000 MB/s,32000 IOPS,Yes,240.0,8.0,Yes,No,Yes,54.0,Yes,Yes,Yes,Unknown,No,,$3.0042 hourly,$1.8927 hourly,$1.1652 hourly,$1.1716 hourly,$3.177 hourly,$2.0655 hourly,$1.338 hourly,$1.3552 hourly,$3.401 hourly,$2.2895 hourly,,,$3.1292 hourly,$1.9526 hourly,$1.2902 hourly,$1.3074 hourly,$3.7402 hourly,$2.6287 hourly,$1.1945 hourly,$1.3177 hourly,$33.144 hourly,$20.881 hourly,,,,,,,,,,,,,>20%,,current,Ada Lovelace,30.0°C,Yes,4.76x,80.0W,80.0W,2520 MHz,2520 MHz,9001 MHz,1965 MHz,,3.0042,3.0042
G6e Graphics and Machine Learning GPU Eight Extra Large,g6e.8xlarge,g6e,NVIDIA L40S,NVIDIA L40S,1.0,350.0,315.0,315.0,AMD EPYC 7R13 Processor,AMD EPYC 7R13,32.0,,,,,,315.0,0.000315,4.5286,14376.507936507936,official,review_required,"692,715.662",GPU instance,110.0 fps,256 GiB,3200 MT/s,No,,,,,,,,0 units,32 vCPUs,8.00 GiB/vCPU,1.0,NVIDIA L40S,48 GiB,8.9,0,0.0000 units,AMD EPYC 7R13 Processor,2.6 GHz,,,,,900 GB (2×450 GB NVMe SSD),Yes,Yes,x86_64,25 Gigabit,16000 Mbps,2000 MB/s,64000 IOPS,16000 Mbps,2000 MB/s,64000 IOPS,Yes,240.0,8.0,Yes,No,Yes,84.0,Yes,Yes,Yes,Unknown,No,,$4.5286 hourly,$2.853 hourly,$1.3352 hourly,$1.455 hourly,$4.8742 hourly,$3.1986 hourly,$1.6808 hourly,$2.0361 hourly,$5.3222 hourly,$3.6466 hourly,,,$4.6536 hourly,$2.9129 hourly,$1.4602 hourly,$1.8155 hourly,$6.0006 hourly,$4.325 hourly,$1.9839 hourly,$2.0594 hourly,$33.144 hourly,$20.881 hourly,,,,,,,,,,,,,15-20%,,current,Ada Lovelace,34.0°C,Yes,3.65x,78.0W,78.0W,2520 MHz,2520 MHz,9001 MHz,1965 MHz,,4.5286,4.5286
G6e Graphics and Machine Learning GPU Extra Large,g6e.xlarge,g6e,NVIDIA L40S,NVIDIA L40S,1.0,350.0,315.0,315.0,AMD EPYC 7R13 Processor,AMD EPYC 7R13,4.0,,,,,,315.0,0.000315,1.861,5907.936507936508,official,review_required,"79,400.526",GPU instance,146.0 fps,32 GiB,3200 MT/s,No,,,,,,,,0 units,4 vCPUs,8.00 GiB/vCPU,1.0,NVIDIA L40S,48 GiB,8.9,0,0.0000 units,AMD EPYC 7R13 Processor,2.6 GHz,,,,,250 GB NVMe SSD,Yes,Yes,x86_64,Up to 20 Gigabit,1000 Mbps,125 MB/s,4000 IOPS,5000 Mbps,625 MB/s,20000 IOPS,Yes,60.0,4.0,Yes,No,Yes,18.0,Yes,Yes,Yes,Unknown,No,,$1.861 hourly,$1.1724 hourly,$0.8792 hourly,$1.0534 hourly,$1.9186 hourly,$1.23 hourly,$0.9368 hourly,$1.395 hourly,$1.9886 hourly,$1.30 hourly,,,$1.9173 hourly,$1.2224 hourly,$0.9355 hourly,$1.3937 hourly,$2.045 hourly,$1.3564 hourly,$0.4017 hourly,$0.4033 hourly,$33.144 hourly,$20.881 hourly,,,,,,,,,,,,,>20%,,current,Ada Lovelace,30.0°C,Yes,4.85x,82.0W,82.0W,2520 MHz,2520 MHz,9001 MHz,1965 MHz,,1.861,1.861
G6F Double Extra Large,g6f.2xlarge,g6f,NVIDIA L4,NVIDIA L4,0.25,72.0,64.8,16.2,AMD EPYC 7R13 Processor,AMD EPYC 7R13,8.0,,,,,,16.2,1.62e-05,0.475,29320.987654320987,official,review_required,"174,083.342",GPU instance,66.0 fps,32 GiB,3200 MT/s,No,,,,,,,,0 units,8 vCPUs,4.00 GiB/vCPU,0.25,NVIDIA L4,6 GiB,10.0,0,0.0000 units,AMD EPYC 7R13 Processor,2.6 GHz,,,,,200 GB NVMe SSD,Yes,Yes,x86_64,Up to 10 Gigabit,2000 Mbps,250 MB/s,8000 IOPS,5000 Mbps,625 MB/s,20000 IOPS,Yes,60.0,4.0,Yes,No,Yes,38.0,Yes,Yes,Yes,Unknown,No,,$0.475 hourly,,$0.1541 hourly,$0.2074 hourly,$0.5902 hourly,,$0.2693 hourly,$0.3816 hourly,$0.7302 hourly,,,,$0.60 hourly,,$0.2791 hourly,$0.3914 hourly,$0.843 hourly,,$0.4155 hourly,$0.4187 hourly,$14.685 hourly,$9.56 hourly,$0.9782 hourly,,$1.803 hourly,,$3.843 hourly,,$0.6102 hourly,,$1.435 hourly,,$3.475 hourly,,>20%,,current,,,No,2.18x,,,,,,,,0.475,0.475
G6F Quadruple Extra Large,g6f.4xlarge,g6f,NVIDIA L4,NVIDIA L4,0.5,72.0,64.8,32.4,AMD EPYC 7R13 Processor,AMD EPYC 7R13,16.0,,,,,,32.4,3.24e-05,0.95,29320.987654320987,official,review_required,"348,754.836",GPU instance,122.0 fps,64 GiB,3200 MT/s,No,,,,,,,,0 units,16 vCPUs,4.00 GiB/vCPU,0.5,NVIDIA L4,12 GiB,10.0,0,0.0000 units,AMD EPYC 7R13 Processor,2.6 GHz,,,,,450 GB NVMe SSD,Yes,Yes,x86_64,Up to 25 Gigabit,6000 Mbps,750 MB/s,24000 IOPS,6000 Mbps,750 MB/s,24000 IOPS,Yes,240.0,8.0,Yes,No,Yes,54.0,Yes,Yes,Yes,Unknown,No,,$0.95 hourly,,$0.3766 hourly,$0.4144 hourly,$1.1228 hourly,,$0.5494 hourly,$0.6157 hourly,$1.3468 hourly,,,,$1.075 hourly,,$0.5016 hourly,$0.5679 hourly,$1.686 hourly,,$0.831 hourly,$0.8343 hourly,$14.685 hourly,$9.56 hourly,$1.9564 hourly,,$3.606 hourly,,$7.686 hourly,,$1.2204 hourly,,$2.87 hourly,,$6.95 hourly,,15-20%,,current,,,No,4.07x,,,,,,,,0.95,0.95
G6F Large,g6f.large,g6f,NVIDIA L4,NVIDIA L4,0.125,72.0,64.8,8.1,AMD EPYC 7R13 Processor,AMD EPYC 7R13,2.0,,,,,,8.1,8.1e-06,0.202,24938.271604938273,official,review_required,"40,677.277",GPU instance,17.0 fps,8 GiB,3200 MT/s,No,,,,,,,,0 units,2 vCPUs,4.00 GiB/vCPU,0.125,NVIDIA L4,3 GiB,10.0,0,0.0000 units,AMD EPYC 7R13 Processor,2.6 GHz,,,,,100 GB NVMe SSD,Yes,Yes,x86_64,Up to 10 Gigabit,936 Mbps,117 MB/s,3750 IOPS,5000 Mbps,625 MB/s,20000 IOPS,Yes,20.0,2.0,Yes,No,Yes,10.0,Yes,Yes,Yes,Unknown,No,,$0.202 hourly,,$0.054 hourly,$0.0644 hourly,$0.2308 hourly,,$0.0828 hourly,$0.1113 hourly,$0.2658 hourly,,,,$0.2583 hourly,,$0.1103 hourly,$0.1388 hourly,$0.294 hourly,,$0.1148 hourly,$0.1148 hourly,$14.685 hourly,$9.56 hourly,$0.3616 hourly,,$0.774 hourly,,$1.794 hourly,,$0.2696 hourly,,$0.682 hourly,,$1.702 hourly,,<5%,,current,,,No,0.57x,,,,,,,,0.202,0.202
G6F Extra Large,g6f.xlarge,g6f,NVIDIA L4,NVIDIA L4,0.125,72.0,64.8,8.1,AMD EPYC 7R13 Processor,AMD EPYC 7R13,4.0,,,,,,8.1,8.1e-06,0.2375,29320.987654320987,official,review_required,"70,975.469",GPU instance,30.0 fps,16 GiB,3200 MT/s,No,,,,,,,,0 units,4 vCPUs,4.00 GiB/vCPU,0.125,NVIDIA L4,3 GiB,10.0,0,0.0000 units,AMD EPYC 7R13 Processor,2.6 GHz,,,,,100 GB NVMe SSD,Yes,Yes,x86_64,Up to 10 Gigabit,1000 Mbps,125 MB/s,4000 IOPS,5000 Mbps,625 MB/s,20000 IOPS,Yes,60.0,4.0,Yes,No,Yes,18.0,Yes,Yes,Yes,Unknown,No,,$0.2375 hourly,,$0.0859 hourly,$0.0904 hourly,$0.2951 hourly,,$0.1435 hourly,$0.1539 hourly,$0.3651 hourly,,,,$0.2938 hourly,,$0.1422 hourly,$0.1526 hourly,$0.4215 hourly,,$0.2078 hourly,$0.2101 hourly,$14.685 hourly,$9.56 hourly,$0.4891 hourly,,$0.9015 hourly,,$1.9215 hourly,,$0.3051 hourly,,$0.7175 hourly,,$1.7375 hourly,,5-10%,,current,,,No,0.99x,,,,,,,,0.2375,0.2375
G7E 12xlarge Extra Large,g7e.12xlarge,g7e,NVIDIA GB202,NVIDIA GB202,2.0,,,,Intel Xeon Scalable (Emerald Rapids),Intel Xeon Scalable (Emerald Rapids),48.0,,,,,,0.0,0.0,8.2861,,review_required,review_required,"1,199,200.533",GPU instance,71.0 fps,512 GiB,5600 MT/s,No,,,,,,,,0 units,48 vCPUs,10.67 GiB/vCPU,2.0,NVIDIA GB202,192 GiB,10.0,0,0.0000 units,Intel Xeon Scalable (Emerald Rapids),3.2 GHz,,,,,3800 GB NVMe SSD,Yes,Yes,x86_64,400 Gigabit,25000 Mbps,3125 MB/s,100000 IOPS,25000 Mbps,3125 MB/s,100000 IOPS,Yes,640.0,10.0,Yes,No,Yes,120.0,Yes,Yes,Yes,Unknown,No,,$8.2861 hourly,,$1.6707 hourly,$1.7346 hourly,$8.8045 hourly,,$2.1891 hourly,$2.3168 hourly,$9.4765 hourly,,,,$8.4111 hourly,,$1.7957 hourly,$1.9234 hourly,$10.4941 hourly,,$3.0366 hourly,$3.0929 hourly,$36.459 hourly,,$11.3053 hourly,,$16.2541 hourly,,$28.4941 hourly,,$9.0973 hourly,,$14.0461 hourly,,$26.2861 hourly,,>20%,,current,"Blackwell, Blackwell",25.0°C,Yes,2.36x,81.0W,81.0W,2336 MHz,2336 MHz,12481 MHz,1954 MHz,,8.2861,8.2861
G7E 24xlarge,g7e.24xlarge,g7e,NVIDIA GB202,NVIDIA GB202,4.0,,,,Intel Xeon Scalable (Emerald Rapids),Intel Xeon Scalable (Emerald Rapids),96.0,,,,,,0.0,0.0,16.5722,,review_required,review_required,"2,040,960.952",GPU instance,161.0 fps,1024 GiB,5600 MT/s,No,,,,,,,,0 units,96 vCPUs,10.67 GiB/vCPU,4.0,NVIDIA GB202,384 GiB,10.0,0,0.0000 units,Intel Xeon Scalable (Emerald Rapids),3.2 GHz,,,,,7600 GB (2×3800 GB NVMe SSD),Yes,Yes,x86_64,800 Gigabit,50000 Mbps,6250 MB/s,200000 IOPS,50000 Mbps,6250 MB/s,200000 IOPS,Yes,1280.0,20.0,Yes,No,Yes,120.0,Yes,Yes,Yes,Unknown,No,,$16.5722 hourly,,$3.5631 hourly,$3.7601 hourly,$17.609 hourly,,$4.5999 hourly,$4.9939 hourly,$18.953 hourly,,,,$16.6972 hourly,,$3.6881 hourly,$4.0821 hourly,$20.9882 hourly,,$6.0732 hourly,$6.0732 hourly,$36.459 hourly,,$22.6106 hourly,,$32.5082 hourly,,$56.9882 hourly,,$18.1946 hourly,,$28.0922 hourly,,$52.5722 hourly,,>20%,,current,"Blackwell, Blackwell, Blackwell, Blackwell",25.3°C,Yes,5.37x,80.0W,80.0W,2342 MHz,2342 MHz,12481 MHz,1941 MHz,,16.5722,16.5722
G7E Double Extra Large,g7e.2xlarge,g7e,NVIDIA GB202,NVIDIA GB202,1.0,,,,Intel Xeon Scalable (Emerald Rapids),Intel Xeon Scalable (Emerald Rapids),8.0,,,,,,0.0,0.0,3.3631,,review_required,review_required,"219,398.482",GPU instance,118.0 fps,64 GiB,5600 MT/s,No,,,,,,,,0 units,8 vCPUs,8.00 GiB/vCPU,1.0,NVIDIA GB202,96 GiB,10.0,0,0.0000 units,Intel Xeon Scalable (Emerald Rapids),3.2 GHz,,,,,1900 GB NVMe SSD,Yes,Yes,x86_64,50 Gigabit,2000 Mbps,250 MB/s,8000 IOPS,5000 Mbps,625 MB/s,20000 IOPS,Yes,256.0,4.0,Yes,No,Yes,120.0,Yes,Yes,Yes,Unknown,No,,$3.3631 hourly,,$0.9936 hourly,$1.015 hourly,$3.4783 hourly,,$1.1088 hourly,$1.1516 hourly,$3.6183 hourly,,,,$3.4881 hourly,,$1.1186 hourly,$1.1614 hourly,$3.7311 hourly,,$0.7457 hourly,$0.7488 hourly,$36.459 hourly,,$3.8663 hourly,,$4.6911 hourly,,$6.7311 hourly,,$3.4983 hourly,,$4.3231 hourly,,$6.3631 hourly,,15-20%,,current,Blackwell,20.0°C,Yes,3.92x,29.0W,29.0W,180 MHz,180 MHz,405 MHz,600 MHz,,3.3631,3.3631
G7E 48xlarge,g7e.48xlarge,g7e,NVIDIA GB202,NVIDIA GB202,8.0,,,,Intel Xeon Scalable (Emerald Rapids),Intel Xeon Scalable (Emerald Rapids),192.0,,,,,,0.0,0.0,33.1443,,review_required,review_required,"4,097,019.703",GPU instance,122.0 fps,2048 GiB,5600 MT/s,Yes,2.0,21.0,48.0,96.0,1023980 MB,320.0 MB,Yes,0 units,192 vCPUs,10.67 GiB/vCPU,8.0,NVIDIA GB202,768 GiB,10.0,0,0.0000 units,Intel Xeon Scalable (Emerald Rapids),3.2 GHz,,,,,15200 GB (4×3800 GB NVMe SSD),Yes,Yes,x86_64,1600 Gigabit,100000 Mbps,12500 MB/s,400000 IOPS,100000 Mbps,12500 MB/s,400000 IOPS,Yes,2560.0,40.0,Yes,No,Yes,120.0,Yes,Yes,Yes,Unknown,No,,$33.1443 hourly,,$9.7119 hourly,$10.2196 hourly,$34.9875 hourly,,$11.5551 hourly,$12.5704 hourly,$37.0035 hourly,,,,$33.2693 hourly,,$9.8369 hourly,$10.8522 hourly,$41.9763 hourly,,$12.1464 hourly,$12.1464 hourly,$36.459 hourly,,$45.2211 hourly,,$65.0163 hourly,,$113.9763 hourly,,$36.3891 hourly,,$56.1843 hourly,,$105.1443 hourly,,>20%,,current,"Blackwell, Blackwell, Blackwell, Blackwell, Blackwell, Blackwell, Blackwell, Blackwell",25.3°C,Yes,4.05x,74.0W,74.0W,2072 MHz,2072 MHz,10972 MHz,1762 MHz,,33.1443,33.1443
G7E Quadruple Extra Large,g7e.4xlarge,g7e,NVIDIA GB202,NVIDIA GB202,1.0,,,,Intel Xeon Scalable (Emerald Rapids),Intel Xeon Scalable (Emerald Rapids),16.0,,,,,,0.0,0.0,3.9982,,review_required,review_required,"383,524.43",GPU instance,152.0 fps,128 GiB,5600 MT/s,No,,,,,,,,0 units,16 vCPUs,8.00 GiB/vCPU,1.0,NVIDIA GB202,96 GiB,10.0,0,0.0000 units,Intel Xeon Scalable (Emerald Rapids),3.2 GHz,,,,,1900 GB NVMe SSD,Yes,Yes,x86_64,50 Gigabit,8000 Mbps,1000 MB/s,32000 IOPS,8000 Mbps,1000 MB/s,32000 IOPS,Yes,512.0,8.0,Yes,No,Yes,120.0,Yes,Yes,Yes,Unknown,No,,$3.9982 hourly,,$1.2241 hourly,$1.2367 hourly,$4.171 hourly,,$1.3969 hourly,$1.4221 hourly,$4.395 hourly,,,,$4.1232 hourly,,$1.3491 hourly,$1.3743 hourly,$4.7342 hourly,,$1.1886 hourly,$1.2487 hourly,$36.459 hourly,,$5.0046 hourly,,$6.6542 hourly,,$10.7342 hourly,,$4.2686 hourly,,$5.9182 hourly,,$9.9982 hourly,,10-15%,,current,Blackwell,24.0°C,Yes,5.07x,81.0W,81.0W,2370 MHz,2370 MHz,12481 MHz,1950 MHz,,3.9982,3.9982
G7E Eight Extra Large,g7e.8xlarge,g7e,NVIDIA GB202,NVIDIA GB202,1.0,,,,Intel Xeon Scalable (Emerald Rapids),Intel Xeon Scalable (Emerald Rapids),32.0,,,,,,0.0,0.0,5.2682,,review_required,review_required,"852,916.352",GPU instance,153.0 fps,256 GiB,5600 MT/s,No,,,,,,,,0 units,32 vCPUs,8.00 GiB/vCPU,1.0,NVIDIA GB202,96 GiB,10.0,0,0.0000 units,Intel Xeon Scalable (Emerald Rapids),3.2 GHz,,,,,1900 GB NVMe SSD,Yes,Yes,x86_64,100 Gigabit,16000 Mbps,2000 MB/s,64000 IOPS,16000 Mbps,2000 MB/s,64000 IOPS,Yes,512.0,8.0,Yes,No,Yes,120.0,Yes,Yes,Yes,Unknown,No,,$5.2682 hourly,,$1.0943 hourly,$1.1349 hourly,$5.6138 hourly,,$1.4399 hourly,$1.5211 hourly,$6.0618 hourly,,,,$5.3932 hourly,,$1.2193 hourly,$1.3005 hourly,$6.7402 hourly,,$1.9988 hourly,$1.9988 hourly,$36.459 hourly,,$7.281 hourly,,$10.5802 hourly,,$18.7402 hourly,,$5.809 hourly,,$9.1082 hourly,,$17.2682 hourly,,15-20%,,current,Blackwell,23.0°C,Yes,5.08x,80.0W,80.0W,2317 MHz,2317 MHz,12481 MHz,1950 MHz,,5.2682,5.2682
Gr6 Graphics and Machine Learning GPU High RAM ratio Quadruple Extra Large,gr6.4xlarge,gr6,NVIDIA L4,NVIDIA L4,1.0,72.0,64.8,64.8,AMD EPYC 7R13 Processor,AMD EPYC 7R13,16.0,,,,,,64.8,6.48e-05,1.5392,23753.086419753083,official,review_required,"326,914.236",GPU instance,127.0 fps,128 GiB,3200 MT/s,No,,,,,,,,0 units,16 vCPUs,8.00 GiB/vCPU,1.0,NVIDIA L4,24 GiB,8.9,0,0.0000 units,AMD EPYC 7R13 Processor,2.6 GHz,,,,,600 GB NVMe SSD,Yes,Yes,x86_64,Up to 25 Gigabit,8000 Mbps,1000 MB/s,32000 IOPS,8000 Mbps,1000 MB/s,32000 IOPS,Yes,240.0,8.0,Yes,No,Yes,54.0,Yes,Yes,Yes,Unknown,Yes,,$1.5392 hourly,$1.002 hourly,$0.6559 hourly,$0.7033 hourly,$1.712 hourly,$1.1748 hourly,$0.8287 hourly,$0.9273 hourly,$1.936 hourly,$1.3988 hourly,,,$1.6642 hourly,$1.0619 hourly,$0.7809 hourly,$0.8795 hourly,$2.2752 hourly,$1.738 hourly,$0.9125 hourly,$0.914 hourly,,,$2.5456 hourly,$2.0084 hourly,$4.1952 hourly,$3.658 hourly,$8.2752 hourly,$7.738 hourly,$1.8096 hourly,$1.2724 hourly,$3.4592 hourly,$2.922 hourly,$7.5392 hourly,$7.002 hourly,>20%,$0.3848 hourly,current,Ada Lovelace,41.0°C,Yes,4.24x,27.0W,27.0W,2040 MHz,2040 MHz,6251 MHz,1770 MHz,,1.5392,1.5392
Gr6 Graphics and Machine Learning GPU High RAM ratio Eight Extra Large,gr6.8xlarge,gr6,NVIDIA L4,NVIDIA L4,1.0,72.0,64.8,64.8,AMD EPYC 7R13 Processor,AMD EPYC 7R13,32.0,,,,,,64.8,6.48e-05,2.4464,37753.08641975309,official,review_required,"644,316.923",GPU instance,134.0 fps,256 GiB,3200 MT/s,No,,,,,,,,0 units,32 vCPUs,8.00 GiB/vCPU,1.0,NVIDIA L4,24 GiB,8.9,0,0.0000 units,AMD EPYC 7R13 Processor,2.6 GHz,,,,,900 GB (2×450 GB NVMe SSD),Yes,Yes,x86_64,25 Gigabit,16000 Mbps,2000 MB/s,64000 IOPS,16000 Mbps,2000 MB/s,64000 IOPS,Yes,240.0,8.0,Yes,No,Yes,84.0,Yes,Yes,Yes,Unknown,Yes,,$2.4464 hourly,$1.5926 hourly,$0.911 hourly,$0.933 hourly,$2.792 hourly,$1.9382 hourly,$1.2566 hourly,$1.2922 hourly,$3.24 hourly,$2.3862 hourly,,,$2.5714 hourly,$1.6525 hourly,$1.036 hourly,$1.0716 hourly,$3.9184 hourly,$3.0646 hourly,$1.7166 hourly,$1.741 hourly,,,$4.4592 hourly,$3.6054 hourly,$7.7584 hourly,$6.9046 hourly,$15.9184 hourly,$15.0646 hourly,$2.9872 hourly,$2.1334 hourly,$6.2864 hourly,$5.4326 hourly,$14.4464 hourly,$13.5926 hourly,10-15%,$0.6116 hourly,current,Ada Lovelace,41.0°C,Yes,4.45x,27.0W,27.0W,2040 MHz,2040 MHz,6251 MHz,1770 MHz,,2.4464,2.4464
GR6F Quadruple Extra Large,gr6f.4xlarge,gr6f,NVIDIA L4,NVIDIA L4,0.5,72.0,64.8,32.4,AMD EPYC 7R13 Processor,AMD EPYC 7R13,16.0,,,,,,32.4,3.24e-05,1.066,32901.234567901236,official,review_required,"331,434.49",GPU instance,118.0 fps,128 GiB,3200 MT/s,No,,,,,,,,0 units,16 vCPUs,8.00 GiB/vCPU,0.5,NVIDIA L4,12 GiB,10.0,0,0.0000 units,AMD EPYC 7R13 Processor,2.6 GHz,,,,,450 GB NVMe SSD,Yes,Yes,x86_64,Up to 25 Gigabit,8000 Mbps,1000 MB/s,32000 IOPS,8000 Mbps,1000 MB/s,32000 IOPS,Yes,240.0,8.0,Yes,No,Yes,54.0,Yes,Yes,Yes,Unknown,No,,$1.066 hourly,,$0.3965 hourly,$0.453 hourly,$1.2388 hourly,,$0.5693 hourly,$0.7028 hourly,$1.4628 hourly,,,,$1.191 hourly,,$0.5215 hourly,$0.655 hourly,$1.802 hourly,,$0.8426 hourly,$0.877 hourly,,,$2.0724 hourly,,$3.722 hourly,,$7.802 hourly,,$1.3364 hourly,,$2.986 hourly,,$7.066 hourly,,>20%,,current,,,No,3.94x,,,,,,,,1.066,1.066
INF1 24xlarge,inf1.24xlarge,inf1,AWS Inferentia,AWS Inferentia,16.0,,,,Intel Xeon Platinum 8275CL (Cascade Lake),Intel Xeon Platinum 8275CL,96.0,,48.0,,,,0.0,0.0,4.721,,review_required,review_required,"1,539,880.499",Machine Learning ASIC Instances,194.0 fps,192 GiB,2933 MT/s,Yes,2.0,21.0,24.0,48.0,94647 MB,35.0 MB,Yes,0 units,96 vCPUs,2.00 GiB/vCPU,16.0,AWS Inferentia,128 GiB,0.0,0,0.0000 units,Intel Xeon Platinum 8275CL (Cascade Lake),,,,,,EBS only,,,x86_64,100 Gigabit,19000 Mbps,2375 MB/s,80000 IOPS,19000 Mbps,2375 MB/s,80000 IOPS,Yes,330.0,11.0,Yes,No,Yes,111.0,Yes,Yes,Yes,Unknown,No,,$4.721 hourly,$2.974 hourly,$0.8127 hourly,$1.1026 hourly,$5.758 hourly,$4.011 hourly,$1.8497 hourly,$2.3625 hourly,$7.102 hourly,$5.355 hourly,,,$4.846 hourly,$3.034 hourly,$0.9377 hourly,$1.4505 hourly,,,,,$5.193 hourly,$3.272 hourly,,,,,,,$6.344 hourly,$4.597 hourly,$16.241 hourly,$14.494 hourly,$40.721 hourly,$38.974 hourly,>20%,,current,,,No,6.47x,,,,,,,,4.721,4.721
INF1 Double Extra Large,inf1.2xlarge,inf1,AWS Inferentia,AWS Inferentia,1.0,,,,Intel Xeon Platinum 8275CL (Cascade Lake),Intel Xeon Platinum 8275CL,8.0,,48.0,,,,0.0,0.0,0.362,,review_required,review_required,"131,627.658",Machine Learning ASIC Instances,47.0 fps,16 GiB,2933 MT/s,No,,,,,,,,0 units,8 vCPUs,2.00 GiB/vCPU,1.0,AWS Inferentia,8 GiB,0.0,0,0.0000 units,Intel Xeon Platinum 8275CL (Cascade Lake),,,,,,EBS only,,,x86_64,Up to 25 Gigabit,1190 Mbps,148.75 MB/s,6000 IOPS,4750 Mbps,593.75 MB/s,20000 IOPS,Yes,40.0,4.0,Yes,No,Yes,38.0,Yes,Yes,Yes,Unknown,No,,$0.362 hourly,$0.228 hourly,$0.0772 hourly,$0.0939 hourly,$0.477 hourly,$0.343 hourly,$0.1922 hourly,$0.2219 hourly,$0.617 hourly,$0.483 hourly,,,$0.487 hourly,$0.288 hourly,$0.2022 hourly,$0.2319 hourly,,,,,$5.193 hourly,$3.272 hourly,,,,,,,$0.497 hourly,$0.363 hourly,$1.322 hourly,$1.188 hourly,$3.362 hourly,$3.228 hourly,>20%,,current,,,No,1.57x,,,,,,,,0.362,0.362
INF1 6xlarge,inf1.6xlarge,inf1,AWS Inferentia,AWS Inferentia,4.0,,,,Intel Xeon Platinum 8275CL (Cascade Lake),Intel Xeon Platinum 8275CL,24.0,,48.0,,,,0.0,0.0,1.18,,review_required,review_required,"382,637.809",Machine Learning ASIC Instances,137.0 fps,48 GiB,2933 MT/s,No,,,,,,,,0 units,24 vCPUs,2.00 GiB/vCPU,4.0,AWS Inferentia,32 GiB,0.0,0,0.0000 units,Intel Xeon Platinum 8275CL (Cascade Lake),,,,,,EBS only,,,x86_64,25 Gigabit,4750 Mbps,593.75 MB/s,20000 IOPS,4750 Mbps,593.75 MB/s,20000 IOPS,Yes,240.0,8.0,Yes,No,Yes,54.0,Yes,Yes,Yes,Unknown,No,,$1.18 hourly,$0.744 hourly,$0.1768 hourly,$0.2331 hourly,$1.44 hourly,$1.003 hourly,$0.4368 hourly,$0.5344 hourly,$1.776 hourly,$1.339 hourly,,,$1.305 hourly,$0.804 hourly,$0.3018 hourly,$0.3994 hourly,,,,,$5.193 hourly,$3.272 hourly,,,,,,,$1.586 hourly,$1.149 hourly,$4.06 hourly,$3.624 hourly,$10.18 hourly,$9.744 hourly,>20%,,current,,,No,4.56x,,,,,,,,1.18,1.18
INF1 Extra Large,inf1.xlarge,inf1,AWS Inferentia,AWS Inferentia,1.0,,,,Intel Xeon Platinum 8275CL (Cascade Lake),Intel Xeon Platinum 8275CL,4.0,,48.0,,,,0.0,0.0,0.228,,review_required,review_required,"65,773.247",Machine Learning ASIC Instances,26.0 fps,8 GiB,2933 MT/s,No,,,,,,,,0 units,4 vCPUs,2.00 GiB/vCPU,1.0,AWS Inferentia,8 GiB,0.0,0,0.0000 units,Intel Xeon Platinum 8275CL (Cascade Lake),,,,,,EBS only,,,x86_64,Up to 25 Gigabit,1190 Mbps,148.75 MB/s,4000 IOPS,4750 Mbps,593.75 MB/s,20000 IOPS,Yes,40.0,4.0,Yes,No,Yes,38.0,Yes,Yes,Yes,Unknown,No,,$0.228 hourly,$0.144 hourly,$0.0412 hourly,$0.0473 hourly,$0.286 hourly,$0.201 hourly,$0.0992 hourly,$0.1119 hourly,$0.356 hourly,$0.271 hourly,,,$0.284 hourly,$0.194 hourly,$0.0972 hourly,$0.1099 hourly,,,,,$5.193 hourly,$3.272 hourly,,,,,,,$0.296 hourly,$0.211 hourly,$0.708 hourly,$0.624 hourly,$1.728 hourly,$1.644 hourly,>20%,,current,,,No,0.88x,,,,,,,,0.228,0.228
INF2 24xlarge,inf2.24xlarge,inf2,AWS Inferentia2,AWS Inferentia2,6.0,,,,AMD EPYC 7R13 Processor,AMD EPYC 7R13,96.0,,,,,,0.0,0.0,6.4906,,review_required,review_required,"1,914,734.48",Machine Learning ASIC Instances,249.0 fps,384 GiB,3200 MT/s,Yes,2.0,12.0,24.0,48.0,189399 MB,96.0 MB,Yes,0 units,96 vCPUs,4.00 GiB/vCPU,6.0,AWS Inferentia2,192 GiB,0.0,0,0.0000 units,AMD EPYC 7R13 Processor,2.95 GHz,,,,,EBS only,,,x86_64,50 Gigabit,30000 Mbps,3750 MB/s,120000 IOPS,30000 Mbps,3750 MB/s,120000 IOPS,Yes,750.0,15.0,Yes,No,Yes,107.0,Yes,Yes,Yes,Unknown,No,,$6.4906 hourly,$4.0891 hourly,$1.7441 hourly,$2.5677 hourly,$7.5274 hourly,$5.1259 hourly,$2.7809 hourly,$4.4272 hourly,,,,,,,,,,,,,$14.279 hourly,$8.996 hourly,,,,,,,,,,,,,>20%,,current,,,No,8.29x,,,,,,,,6.4906,6.4906
INF2 48xlarge,inf2.48xlarge,inf2,AWS Inferentia2,AWS Inferentia2,12.0,,,,AMD EPYC 7R13 Processor,AMD EPYC 7R13,192.0,,,,,,0.0,0.0,12.9813,,review_required,review_required,,Machine Learning ASIC Instances,,768 GiB,,,,,,,,,,0 units,192 vCPUs,4.00 GiB/vCPU,12.0,AWS Inferentia2,384 GiB,0.0,0,0.0000 units,AMD EPYC 7R13 Processor,2.95 GHz,,,,,EBS only,,,x86_64,100 Gigabit,60000 Mbps,7500 MB/s,240000 IOPS,60000 Mbps,7500 MB/s,240000 IOPS,Yes,750.0,15.0,Yes,No,Yes,107.0,Yes,Yes,Yes,Unknown,No,,$12.9813 hourly,$8.1782 hourly,$3.6034 hourly,$8.3025 hourly,$14.8245 hourly,$10.0214 hourly,$5.4466 hourly,$14.8245 hourly,,,,,,,,,,,,,$14.279 hourly,$8.996 hourly,,,,,,,,,,,,,>20%,,current,,,,,,,,,,,,12.9813,12.9813
INF2 Eight Extra Large,inf2.8xlarge,inf2,AWS Inferentia2,AWS Inferentia2,1.0,,,,AMD EPYC 7R13 Processor,AMD EPYC 7R13,32.0,,,,,,0.0,0.0,1.9679,,review_required,review_required,"692,340.978",Machine Learning ASIC Instances,198.0 fps,128 GiB,3200 MT/s,Yes,2.0,12.0,8.0,16.0,63069 MB,32.0 MB,Yes,0 units,32 vCPUs,4.00 GiB/vCPU,1.0,AWS Inferentia2,32 GiB,0.0,0,0.0000 units,AMD EPYC 7R13 Processor,2.95 GHz,,,,,EBS only,,,x86_64,Up to 25 Gigabit,10000 Mbps,1250 MB/s,40000 IOPS,10000 Mbps,1250 MB/s,40000 IOPS,Yes,240.0,8.0,Yes,No,Yes,84.0,Yes,Yes,Yes,Unknown,No,,$1.9679 hourly,$1.2398 hourly,$0.5797 hourly,$0.7084 hourly,$2.3135 hourly,$1.5854 hourly,$0.9253 hourly,$1.1568 hourly,,,,,,,,,,,,,$14.279 hourly,$8.996 hourly,,,,,,,,,,,,,>20%,,current,,,No,6.59x,,,,,,,,1.9679,1.9679
INF2 Extra Large,inf2.xlarge,inf2,AWS Inferentia2,AWS Inferentia2,1.0,,,,AMD EPYC 7R13 Processor,AMD EPYC 7R13,4.0,,,,,,0.0,0.0,0.7582,,review_required,review_required,"79,657.473",Machine Learning ASIC Instances,34.0 fps,16 GiB,3200 MT/s,No,,,,,,,,0 units,4 vCPUs,4.00 GiB/vCPU,1.0,AWS Inferentia2,32 GiB,0.0,0,0.0000 units,AMD EPYC 7R13 Processor,2.95 GHz,,,,,EBS only,,,x86_64,Up to 15 Gigabit,1250 Mbps,156.25 MB/s,6000 IOPS,10000 Mbps,1250 MB/s,40000 IOPS,Yes,60.0,4.0,Yes,No,Yes,18.0,Yes,Yes,Yes,Unknown,No,,$0.7582 hourly,$0.4777 hourly,$0.1208 hourly,$0.144 hourly,$0.8158 hourly,$0.5353 hourly,$0.1784 hourly,$0.2467 hourly,,,,,,,,,,,,,$14.279 hourly,$8.996 hourly,,,,,,,,,,,,,>20%,,current,,,No,1.12x,,,,,,,,0.7582,0.7582
P2 General Purpose GPU 16xlarge Extra Large,p2.16xlarge,p2,NVIDIA Tesla K80,NVIDIA Tesla K80,8.0,300.0,270.0,2160.0,Intel Xeon E5-2686 v4 (Broadwell),Intel Xeon E5-2686 v4,64.0,,,,,,2160.0,0.00216,14.4,6666.666666666667,official,review_required,,GPU instance,,732 GiB,,,,,,,,,,201 units,64 vCPUs,11.44 GiB/vCPU,8.0,NVIDIA Tesla K80,192 GiB,3.7,0,3.1406 units,Intel Xeon E5-2686 v4 (Broadwell),2.3 GHz,Yes,Yes,,Yes,EBS only,,,x86_64,20 Gigabit,,,,,,,No,,,Yes,,,,Yes,Yes,Yes,Unknown,Yes,,$14.40 hourly,,,,$15.091 hourly,,,,$15.987 hourly,,,,$14.50 hourly,,,,$17.344 hourly,,,,$15.84 hourly,,,,,,,,,,,,,,,$0.27 hourly,current,,,,,,,,,,,,14.4,14.4
P2 General Purpose GPU Eight Extra Large,p2.8xlarge,p2,NVIDIA Tesla K80,NVIDIA Tesla K80,4.0,300.0,270.0,1080.0,Intel Xeon E5-2686 v4 (Broadwell),Intel Xeon E5-2686 v4,32.0,,,,,,1080.0,0.00108,7.2,6666.666666666667,official,review_required,,GPU instance,,488 GiB,,,,,,,,,,97 units,32 vCPUs,15.25 GiB/vCPU,4.0,NVIDIA Tesla K80,96 GiB,3.7,0,3.0313 units,Intel Xeon E5-2686 v4 (Broadwell),2.3 GHz,Yes,Yes,,Yes,EBS only,,,x86_64,10 Gigabit,,,,,,,No,,,Yes,,,,Yes,Yes,Yes,Unknown,Yes,,$7.20 hourly,,,,$7.546 hourly,,,,$7.994 hourly,,,,$7.30 hourly,,,,$8.672 hourly,,,,$15.84 hourly,,,,,,,,,,,,,,,$0.27 hourly,current,,,,,,,,,,,,7.2,7.2
P2 General Purpose GPU Extra Large,p2.xlarge,p2,NVIDIA Tesla K80,NVIDIA Tesla K80,1.0,300.0,270.0,270.0,Intel Xeon E5-2686 v4 (Broadwell),Intel Xeon E5-2686 v4,4.0,,,,,,270.0,0.00027,0.9,3333.3333333333335,official,review_required,,GPU instance,,61 GiB,,,,,,,,,,16 units,4 vCPUs,15.25 GiB/vCPU,1.0,NVIDIA Tesla K80,12 GiB,3.7,0,4.0000 units,Intel Xeon E5-2686 v4 (Broadwell),2.3 GHz,Yes,Yes,,Yes,EBS only,,,x86_64,High,,,,,,,No,,,Yes,,,,Yes,Yes,Yes,Unknown,Yes,,$0.90 hourly,,,,$0.958 hourly,,,,$1.028 hourly,,,,$1.00 hourly,,,,$1.084 hourly,,,,$15.84 hourly,,,,,,,,,,,,,,,$0.225 hourly,current,,,,,,,,,,,,0.9,0.9
P3 High Performance GPU 16xlarge Extra Large,p3.16xlarge,p3,NVIDIA Tesla V100,NVIDIA Tesla V100,8.0,300.0,270.0,2160.0,Intel Xeon E5-2686 v4 (Broadwell),Intel Xeon E5-2686 v4,64.0,,,,,,2160.0,0.00216,24.48,11333.333333333334,official,review_required,,GPU instance,,488 GiB,,,,,,,,,,201 units,64 vCPUs,7.63 GiB/vCPU,8.0,NVIDIA Tesla V100,128 GiB,7.0,0,3.1406 units,Intel Xeon E5-2686 v4 (Broadwell),2.3 GHz,Yes,Yes,,Yes,EBS only,,,x86_64,25 Gigabit,14000 Mbps,1750 MB/s,80000 IOPS,14000 Mbps,1750 MB/s,80000 IOPS,No,240.0,8.0,Yes,No,No,0.0,Yes,Yes,Yes,Unknown,Yes,,$24.48 hourly,,$2.7122 hourly,$3.2309 hourly,$25.171 hourly,,$3.4032 hourly,$4.3178 hourly,$26.067 hourly,,,,$24.58 hourly,,$2.8122 hourly,$3.7268 hourly,$27.424 hourly,,$5.392 hourly,$5.392 hourly,$26.928 hourly,,,,,,,,,,,,,,>20%,$0.27 hourly,current,,,,,,,,,,,,24.48,24.48
P3 High Performance GPU Double Extra Large,p3.2xlarge,p3,NVIDIA Tesla V100,NVIDIA Tesla V100,1.0,300.0,270.0,270.0,Intel Xeon E5-2686 v4 (Broadwell),Intel Xeon E5-2686 v4,8.0,,,,,,270.0,0.00027,3.06,11333.333333333334,official,review_required,,GPU instance,,61 GiB,,,,,,,,,,31 units,8 vCPUs,7.63 GiB/vCPU,1.0,NVIDIA Tesla V100,16 GiB,7.0,0,3.8750 units,Intel Xeon E5-2686 v4 (Broadwell),2.3 GHz,Yes,Yes,,Yes,EBS only,,,x86_64,Up to 10 Gigabit,1750 Mbps,218.75 MB/s,10000 IOPS,1750 Mbps,218.75 MB/s,10000 IOPS,No,60.0,4.0,Yes,No,No,0.0,Yes,Yes,Yes,Unknown,Yes,,$3.06 hourly,,$0.3675 hourly,$0.3745 hourly,$3.175 hourly,,$0.4825 hourly,$0.4932 hourly,$3.315 hourly,,,,$3.16 hourly,,$0.4675 hourly,$0.4782 hourly,$3.428 hourly,,$0.674 hourly,$0.674 hourly,$26.928 hourly,,,,,,,,,,,,,,>20%,$0.27 hourly,current,,,,,,,,,,,,3.06,3.06
P3 High Performance GPU Eight Extra Large,p3.8xlarge,p3,NVIDIA Tesla V100,NVIDIA Tesla V100,4.0,300.0,270.0,1080.0,Intel Xeon E5-2686 v4 (Broadwell),Intel Xeon E5-2686 v4,32.0,,,,,,1080.0,0.00108,12.24,11333.333333333334,official,review_required,,GPU instance,,244 GiB,,,,,,,,,,97 units,32 vCPUs,7.63 GiB/vCPU,4.0,NVIDIA Tesla V100,64 GiB,7.0,0,3.0313 units,Intel Xeon E5-2686 v4 (Broadwell),2.3 GHz,Yes,Yes,,Yes,EBS only,,,x86_64,10 Gigabit,7000 Mbps,875 MB/s,40000 IOPS,7000 Mbps,875 MB/s,40000 IOPS,No,240.0,8.0,Yes,No,No,0.0,Yes,Yes,Yes,Unknown,Yes,,$12.24 hourly,,$1.5027 hourly,$1.7296 hourly,$12.586 hourly,,$1.8487 hourly,$2.3332 hourly,$13.034 hourly,,,,$12.34 hourly,,$1.6027 hourly,$2.0872 hourly,$13.712 hourly,,$2.696 hourly,$2.696 hourly,$26.928 hourly,,,,,,,,,,,,,,>20%,$0.27 hourly,current,,,,,,,,,,,,12.24,12.24
P3DN 24xlarge,p3dn.24xlarge,p3dn,NVIDIA Tesla V100,NVIDIA Tesla V100,8.0,300.0,270.0,2160.0,Intel Xeon Platinum 8175 (Skylake),Intel Xeon Platinum 8175,96.0,,,,,,2160.0,0.00216,31.212,14450.0,official,review_required,"1,323,529.412",GPU instance,162.0 fps,768 GiB,2666 MT/s,Yes,2.0,21.0,24.0,48.0,382935 MB,33.0 MB,Yes,337 units,96 vCPUs,8.00 GiB/vCPU,8.0,NVIDIA Tesla V100,256 GiB,7.0,0,3.5104 units,Intel Xeon Platinum 8175 (Skylake),2.5 GHz,Yes,Yes,Yes,Yes,1800 GB (2×900 GB NVMe SSD),Yes,Yes,x86_64,100 Gigabit,19000 Mbps,2375 MB/s,80000 IOPS,19000 Mbps,2375 MB/s,80000 IOPS,Yes,750.0,15.0,Yes,No,Yes,107.0,Yes,Yes,Yes,Unknown,No,,$31.212 hourly,$19.215 hourly,$4.6795 hourly,$6.5182 hourly,$32.249 hourly,$20.251 hourly,$5.7165 hourly,$9.3938 hourly,$33.593 hourly,$21.595 hourly,,,$31.337 hourly,$19.275 hourly,$4.8045 hourly,$8.4818 hourly,$35.628 hourly,$23.631 hourly,$7.5372 hourly,$7.5372 hourly,$34.333 hourly,$21.136 hourly,,,,,,,,,,,,,>20%,,current,,,No,5.38x,,,,,,,,31.212,31.212
P4D Highest Performance GPU 24xlarge,p4d.24xlarge,p4d,NVIDIA A100,NVIDIA A100,8.0,400.0,360.0,2880.0,Intel Xeon Platinum 8275L,Intel Xeon Platinum 8275L,96.0,,,,,,2880.0,0.00288,21.9576,7624.166666666666,official,review_required,"1,593,360.996",GPU instance,,1152 GiB,2933 MT/s,Yes,2.0,21.0,24.0,48.0,574363 MB,35.0 MB,Yes,345 units,96 vCPUs,12.00 GiB/vCPU,8.0,NVIDIA A100,320 GiB,8.0,0,3.5938 units,Intel Xeon Platinum 8275L,3 GHz,Yes,Yes,Yes,Yes,8000 GB (8×1000 GB NVMe SSD),Yes,Yes,x86_64,4x 100 Gigabit,19000 Mbps,2375 MB/s,80000 IOPS,19000 Mbps,2375 MB/s,80000 IOPS,Yes,3000.0,60.0,Yes,No,Yes,62.0,Yes,Yes,Yes,Unknown,No,,$21.9576 hourly,$13.9211 hourly,$6.2204 hourly,$10.1595 hourly,$22.9944 hourly,$14.9579 hourly,$7.2572 hourly,$15.4868 hourly,$24.3384 hourly,$16.3019 hourly,,,$22.0826 hourly,$13.981 hourly,$6.3454 hourly,$14.575 hourly,,,,,$24.153 hourly,$15.313 hourly,,,,,,,,,,,,,15-20%,,current,"Ampere, Ampere, Ampere, Ampere, Ampere, Ampere, Ampere, Ampere",27.1°C,,,0.0W,0.0W,763 MHz,763 MHz,1215 MHz,838 MHz,,21.9576,21.9576
P4DE 24xlarge,p4de.24xlarge,p4de,NVIDIA A100,NVIDIA A100,8.0,400.0,360.0,2880.0,Intel Xeon Platinum 8275L,Intel Xeon Platinum 8275L,96.0,,,,,,2880.0,0.00288,27.4471,9530.243055555555,official,review_required,"1,557,493.409",GPU instance,,1152 GiB,3200 MT/s,Yes,2.0,21.0,24.0,48.0,574363 MB,35.0 MB,Yes,345 units,96 vCPUs,12.00 GiB/vCPU,8.0,NVIDIA A100,640 GiB,8.0,0,3.5938 units,Intel Xeon Platinum 8275L,3 GHz,Yes,Yes,Yes,Yes,8000 GB (8×1000 GB NVMe SSD),Yes,Yes,x86_64,4x 100 Gigabit,19000 Mbps,2375 MB/s,80000 IOPS,19000 Mbps,2375 MB/s,80000 IOPS,Yes,3000.0,60.0,Yes,No,Yes,62.0,Yes,Yes,Yes,Unknown,No,,$27.4471 hourly,$17.4014 hourly,$14.8716 hourly,$17.8633 hourly,$28.4839 hourly,$18.4382 hourly,$15.9084 hourly,$21.8917 hourly,$29.8279 hourly,$19.7822 hourly,,,$27.5721 hourly,$17.4613 hourly,$14.9966 hourly,$20.9799 hourly,,,,,$30.192 hourly,$19.142 hourly,,,,,,,,,,,,,15-20%,,current,"Ampere, Ampere, Ampere, Ampere, Ampere, Ampere, Ampere, Ampere",28.1°C,,,0.0W,0.0W,804 MHz,804 MHz,1593 MHz,876 MHz,,27.4471,27.4471
P5 48xlarge,p5.48xlarge,p5,NVIDIA H100,NVIDIA H100,8.0,700.0,630.0,5040.0,AMD EPYC 7R13 Processor,AMD EPYC 7R13,192.0,,,,,,5040.0,0.00504,55.04,10920.63492063492,official,review_required,"3,900,325.027",GPU instance,,2048 GiB,3200 MT/s,Yes,2.0,32.0,48.0,96.0,1023979 MB,192.0 MB,Yes,0 units,192 vCPUs,10.67 GiB/vCPU,8.0,NVIDIA H100,640 GiB,9.0,0,0.0000 units,AMD EPYC 7R13 Processor,2.95 GHz,,,,,30400 GB (8×3800 GB NVMe SSD),Yes,Yes,x86_64,3200 Gigabit,80000 Mbps,10000 MB/s,260000 IOPS,80000 Mbps,10000 MB/s,260000 IOPS,Yes,3200.0,64.0,Yes,No,Yes,120.0,Yes,Yes,Yes,Unknown,Yes,,$55.04 hourly,,$17.0129 hourly,$30.4882 hourly,$56.8832 hourly,,$18.8561 hourly,$56.8832 hourly,$58.8992 hourly,,,,$55.165 hourly,,$17.1379 hourly,$55.165 hourly,,,,,,,,,,,,,,,,,,,<5%,$13.76 hourly,current,"Hopper, Hopper, Hopper, Hopper, Hopper, Hopper, Hopper, Hopper",28.1°C,,,77.0W,77.0W,549 MHz,549 MHz,2619 MHz,863 MHz,,55.04,55.04
P5 Quadruple Extra Large,p5.4xlarge,p5,NVIDIA H100,NVIDIA H100,1.0,700.0,630.0,630.0,AMD EPYC 7R13 Processor,AMD EPYC 7R13,16.0,,,,,,630.0,0.00063,6.88,10920.63492063492,official,review_required,,GPU instance,,256 GiB,,,,,,,,,,0 units,16 vCPUs,16.00 GiB/vCPU,1.0,NVIDIA H100,80 GiB,9.0,0,0.0000 units,AMD EPYC 7R13 Processor,2.95 GHz,,,,,3800 GB NVMe SSD,Yes,Yes,x86_64,100 Gigabit,10000 Mbps,1250 MB/s,32500 IOPS,10000 Mbps,1250 MB/s,32500 IOPS,Yes,120.0,4.0,Yes,No,Yes,58.0,Yes,Yes,Yes,Unknown,No,,$6.88 hourly,,$5.7368 hourly,$6.4989 hourly,$7.0528 hourly,,$5.9096 hourly,$7.0528 hourly,$7.2768 hourly,,,,$7.005 hourly,,$5.8618 hourly,$7.005 hourly,$7.616 hourly,,,,,,$7.8864 hourly,,$9.536 hourly,,$13.616 hourly,,,,,,,,<5%,,current,,,,,,,,,,,,6.88,6.88
P5e High Performance Computing GPU 48xlarge,p5e.48xlarge,p5e,NVIDIA H200,NVIDIA H200,8.0,700.0,630.0,5040.0,AMD EPYC 7R13 Processor,AMD EPYC 7R13,192.0,,,,,,5040.0,0.00504,1.8432,365.71428571428567,official,review_required,"3,884,477.265",GPU instance,,2048 GiB,3200 MT/s,Yes,4.0,32.0,24.0,48.0,509942 MB,96.0 MB,Yes,0 units,192 vCPUs,10.67 GiB/vCPU,8.0,NVIDIA H200,1128 GiB,9.0,0,0.0000 units,AMD EPYC 7R13 Processor,2.95 GHz,,,,,30400 GB (8×3800 GB NVMe SSD),Yes,Yes,x86_64,3200 Gigabit,80000 Mbps,10000 MB/s,260000 IOPS,80000 Mbps,10000 MB/s,260000 IOPS,Yes,3200.0,64.0,Yes,No,Yes,120.0,Yes,Yes,Yes,Unknown,No,,,,,,,,,,,,,,,,,,,,,,,,,,,,,,,,,,,,,,current,"Hopper, Hopper, Hopper, Hopper, Hopper, Hopper, Hopper, Hopper",22.9°C,,,73.0W,73.0W,345 MHz,345 MHz,3201 MHz,765 MHz,1.8432,,1.8432
P5en High Performance Computing GPU 48xlarge,p5en.48xlarge,p5en,NVIDIA H200,NVIDIA H200,8.0,700.0,630.0,5040.0,Intel Xeon Scalable (Sapphire Rapids),Intel Xeon Scalable (Sapphire Rapids),192.0,,,,,,5040.0,0.00504,63.296,12558.730158730157,official,review_required,,GPU instance,,2048 GiB,,,,,,,,,,0 units,192 vCPUs,10.67 GiB/vCPU,8.0,NVIDIA H200,1128 GiB,9.0,0,0.0000 units,Intel Xeon Scalable (Sapphire Rapids),3.2 GHz,,,,,30400 GB (8×3800 GB NVMe SSD),Yes,Yes,x86_64,3200 Gigabit,100000 Mbps,12500 MB/s,400000 IOPS,100000 Mbps,12500 MB/s,400000 IOPS,Yes,3200.0,64.0,Yes,No,Yes,120.0,Yes,Yes,Yes,Unknown,No,,$63.296 hourly,,$15.9229 hourly,$18.3899 hourly,$65.1392 hourly,,$17.7661 hourly,$22.70 hourly,$67.1552 hourly,,,,$63.421 hourly,,$16.0479 hourly,$20.9818 hourly,,,,,,,,,,,,,,,,,,,<5%,,current,,,,,,,,,,,,63.296,63.296
P6-B200 High Performance and Machine Learning GPU 48xlarge,p6-b200.48xlarge,p6-b200,NVIDIA B200,NVIDIA B200,8.0,1000.0,900.0,7200.0,Intel Xeon Scalable (Emerald Rapids),Intel Xeon Scalable (Emerald Rapids),192.0,,,,,,7200.0,0.0072,113.9328,15824.0,official,review_required,"3,990,024.938",GPU instance,,2048 GiB,5600 MT/s,Yes,2.0,21.0,48.0,96.0,1021963 MB,320.0 MB,Yes,0 units,192 vCPUs,10.67 GiB/vCPU,8.0,NVIDIA B200,1440 GiB,10.0,0,0.0000 units,Intel Xeon Scalable (Emerald Rapids),3.2 GHz,,,,,30400 GB (8×3800 GB NVMe SSD),Yes,Yes,x86_64,3200 Gigabit,100000 Mbps,12500 MB/s,400000 IOPS,100000 Mbps,12500 MB/s,400000 IOPS,Yes,1600.0,32.0,Yes,No,Yes,120.0,Yes,Yes,Yes,Unknown,No,,$113.9328 hourly,,$24.1458 hourly,$24.1458 hourly,$115.776 hourly,,$25.989 hourly,$25.989 hourly,$117.792 hourly,,,,$114.0578 hourly,,$24.2708 hourly,$24.2708 hourly,,,,,,,,,,,,,,,,,,,10-15%,,current,"Blackwell, Blackwell, Blackwell, Blackwell, Blackwell, Blackwell, Blackwell, Blackwell",25.3°C,,,158.0W,158.0W,822 MHz,822 MHz,3996 MHz,1071 MHz,,113.9328,113.9328
P6-B300 48xlarge,p6-b300.48xlarge,p6-b300,NVIDIA B300,NVIDIA B300,8.0,1400.0,1260.0,10080.0,Intel Xeon Scalable (Emerald Rapids),Intel Xeon Scalable (Emerald Rapids),192.0,,,,,,10080.0,0.01008,142.416,14128.571428571428,official,review_required,,GPU instance,,4096 GiB,,,,,,,,,,0 units,192 vCPUs,21.33 GiB/vCPU,8.0,NVIDIA B300,2100 GiB,10.0,0,0.0000 units,Intel Xeon Scalable (Emerald Rapids),3.2 GHz,Yes,,Yes,Yes,30400 GB (8×3800 GB NVMe SSD),Yes,Yes,x86_64,6400 Gigabit,100000 Mbps,12500 MB/s,400000 IOPS,100000 Mbps,12500 MB/s,400000 IOPS,Yes,3400.0,68.0,Yes,No,Yes,120.0,Yes,Yes,Yes,Unknown,No,,,,,,,,,,,,,,,,,,,,,,,,,,,,,,,,,,,,,,current,,,,,,,,,,,142.416,,142.416
P6E-GB200 36xlarge,p6e-gb200.36xlarge,p6e-gb200,NVIDIA B200,NVIDIA B200,36.0,1000.0,900.0,32400.0,NVIDIA Grace,NVIDIA Grace CPU Superchip,144.0,500.0,144.0,3.4722222222222223,1.7361111111111112,250.0,32650.0,0.03265,,,official,official,,GPU instance,,960 GiB,,,,,,,,,,0 units,144 vCPUs,6.67 GiB/vCPU,36.0,NVIDIA B200,6660 GiB,10.0,0,0.0000 units,NVIDIA Grace,3 GHz,,,,,EBS only,,,x86_64,1700 Gigabit,,,,,,,No,,,Yes,,,,Yes,Yes,Yes,Unknown,No,,,,,,,,,,,,,,,,,,,,,,,,,,,,,,,,,,,,,,current,,,,,,,,,,,,,
TRN1 Double Extra Large,trn1.2xlarge,trn1,AWS Inferentia,AWS Inferentia,1.0,,,,Intel Xeon Scalable (Icelake),Intel Xeon Scalable (Icelake),8.0,,,,,,0.0,0.0,1.3438,,review_required,review_required,"143,697.517",Machine Learning ASIC Instances,56.0 fps,32 GiB,3200 MT/s,No,,,,,,,,0 units,8 vCPUs,4.00 GiB/vCPU,1.0,AWS Inferentia,32 GiB,0.0,0,0.0000 units,Intel Xeon Scalable (Icelake),Up to 3.5 GHz,Yes,Yes,Yes,Yes,474 GB NVMe SSD,Yes,Yes,x86_64,Up to 12.5 Gigabit,5000 Mbps,625 MB/s,16250 IOPS,20000 Mbps,2500 MB/s,65000 IOPS,Yes,60.0,4.0,Yes,No,Yes,17.0,Yes,Yes,Yes,Unknown,No,,$1.3438 hourly,$0.8268 hourly,$0.156 hourly,$0.1731 hourly,$1.459 hourly,$0.942 hourly,$0.2712 hourly,$0.3054 hourly,,,,,$1.4688 hourly,$0.8867 hourly,$0.281 hourly,$0.3152 hourly,,,,,$23.65 hourly,$14.552 hourly,,,,,,,,,,,,,<5%,,current,,,No,1.87x,,,,,,,,1.3438,1.3438
TRN1 32xlarge,trn1.32xlarge,trn1,AWS Inferentia,AWS Inferentia,16.0,,,,Intel Xeon Scalable (Icelake),Intel Xeon Scalable (Icelake),128.0,,,,,,0.0,0.0,21.5,,review_required,review_required,"2,177,889.319",Machine Learning ASIC Instances,221.0 fps,512 GiB,3200 MT/s,Yes,2.0,20.0,32.0,64.0,253925 MB,54.0 MB,Yes,0 units,128 vCPUs,4.00 GiB/vCPU,16.0,AWS Inferentia,512 GiB,0.0,0,0.0000 units,Intel Xeon Scalable (Icelake),Up to 3.5 GHz,Yes,Yes,Yes,Yes,7600 GB (4×1900 GB NVMe SSD),Yes,Yes,x86_64,8x 100 Gigabit,80000 Mbps,10000 MB/s,260000 IOPS,80000 Mbps,10000 MB/s,260000 IOPS,Yes,2000.0,40.0,Yes,No,Yes,82.0,Yes,Yes,Yes,Unknown,No,,$21.50 hourly,$13.229 hourly,$2.975 hourly,$6.3579 hourly,$22.7288 hourly,$14.4578 hourly,$4.2038 hourly,$9.9788 hourly,$24.0728 hourly,,,,$21.625 hourly,$13.2889 hourly,$3.10 hourly,$8.875 hourly,,,,,$23.65 hourly,$14.552 hourly,,,,,,,,,,,,,<5%,,current,,,No,7.35x,,,,,,,,21.5,21.5
TRN1N 32xlarge,trn1n.32xlarge,trn1n,AWS Inferentia,AWS Inferentia,16.0,,,,Intel Xeon Scalable (Icelake),Intel Xeon Scalable (Icelake),128.0,,,,,,0.0,0.0,24.78,,review_required,review_required,"2,151,170.119",Machine Learning ASIC Instances,222.0 fps,512 GiB,3200 MT/s,Yes,2.0,20.0,32.0,64.0,253925 MB,54.0 MB,Yes,0 units,128 vCPUs,4.00 GiB/vCPU,16.0,AWS Inferentia,512 GiB,0.0,0,0.0000 units,Intel Xeon Scalable (Icelake),3.5 GHz,Yes,Yes,Yes,Yes,7600 GB (4×1900 GB NVMe SSD),Yes,Yes,x86_64,16x 100 Gigabit,80000 Mbps,10000 MB/s,260000 IOPS,80000 Mbps,10000 MB/s,260000 IOPS,Yes,4000.0,80.0,Yes,No,Yes,120.0,Yes,Yes,Yes,Unknown,No,,$24.78 hourly,$15.2471 hourly,$3.4796 hourly,$3.4796 hourly,$26.0088 hourly,$16.4759 hourly,$4.7084 hourly,$4.7084 hourly,,,,,$24.905 hourly,$15.307 hourly,$3.6046 hourly,$3.6046 hourly,,,,,$23.65 hourly,$14.552 hourly,,,,,,,,,,,,,<5%,,current,,,No,7.40x,,,,,,,,24.78,24.78
TRN2 48xlarge,trn2.48xlarge,trn2,AWS Trainium2,AWS Trainium2,16.0,,,,Intel Xeon Scalable (Sapphire Rapids),Intel Xeon Scalable (Sapphire Rapids),192.0,,,,,,0.0,0.0,0.125,,review_required,review_required,,Machine Learning ASIC Instances,,2048 GiB,,,,,,,,,,0 units,192 vCPUs,10.67 GiB/vCPU,16.0,AWS Trainium2,96 GiB,0.0,0,0.0000 units,Intel Xeon Scalable (Sapphire Rapids),Up to 3.9 GHz,Yes,Yes,Yes,Yes,7600 GB (4×1900 GB NVMe SSD),Yes,Yes,x86_64,16x 200 Gigabit,80000 Mbps,10000 MB/s,260000 IOPS,80000 Mbps,10000 MB/s,260000 IOPS,Yes,1600.0,32.0,Yes,,,,Yes,Yes,Yes,Unknown,No,,,,,,,,,,,,,,,,,,,,,,,,,,,,,,,,,,,,,,current,,,,,,,,,,,0.125,,0.125
